run,query_performance_factor,scan_connections,cursor_count,reads_ahead,aggregation_pushdown,query,rows,iterations,min_ms,median_ms,p90_ms,max_ms,samples_ms
baseline-1,0,4,1000,1,True,full_scan,1,15,1202.972,1272.798,1339.645,1355.300,1339.645;1355.300;1301.915;1281.636;1272.798;1318.271;1308.525;1315.734;1248.592;1267.341;1202.972;1238.911;1270.074;1245.569;1240.429
baseline-1,0,4,1000,1,True,sum_arithmetic,1,15,61.461,64.538,77.283,100.915,67.593;100.915;64.538;64.026;65.037;63.474;77.283;61.461;63.135;66.724;69.959;66.776;63.746;62.596;64.282
baseline-1,0,4,1000,1,True,point_lookup,1,15,12.557,14.836,17.485,17.818,16.369;17.818;14.017;13.036;15.694;12.557;12.981;17.485;14.589;16.084;15.501;13.812;14.836;14.516;15.447
baseline-1,0,4,1000,1,True,point_lookup_during_scans,1,15,14.534,24.090,34.369,42.831,21.184;24.482;16.975;24.090;20.030;34.369;42.831;27.959;20.788;19.213;26.832;14.534;28.180;29.606;19.597
baseline-1,0,4,1000,1,True,point_lookup_during_aggregations,1,15,51.021,105.001,114.073,114.988,109.628;109.062;108.463;56.260;103.507;52.729;54.349;105.001;103.300;51.021;106.706;107.820;103.681;114.988;114.073
qpf2,2,4,1000,1,True,full_scan,1,15,1243.825,1287.860,1427.598,1452.055,1299.430;1249.398;1283.736;1287.860;1281.932;1297.729;1452.055;1255.856;1270.113;1396.584;1243.825;1338.891;1427.598;1285.418;1339.556
qpf2,2,4,1000,1,True,sum_arithmetic,1,15,69.440,75.109,94.895,98.572,98.572;80.000;83.509;74.142;94.895;80.472;76.073;73.496;75.109;70.241;71.640;77.176;74.299;72.737;69.440
qpf2,2,4,1000,1,True,point_lookup,1,15,13.504,14.993,16.948,18.718,16.948;15.411;14.622;13.887;14.282;14.993;15.502;18.718;14.442;16.630;13.504;14.634;14.726;16.631;16.312
qpf2,2,4,1000,1,True,point_lookup_during_scans,1,15,23.575,28.198,48.626,73.250,29.901;48.626;23.921;25.728;39.969;33.255;25.956;73.250;39.442;25.619;28.198;26.361;26.641;23.575;44.501
qpf2,2,4,1000,1,True,point_lookup_during_aggregations,1,15,15.057,42.327,49.762,50.090,49.567;41.712;28.199;49.762;42.327;24.557;47.378;49.010;27.655;44.420;44.488;19.985;50.090;41.345;15.057
qpf4,4,4,1000,1,True,full_scan,1,15,1250.642,1302.172,1354.693,1420.585,1254.666;1336.592;1420.585;1323.670;1302.172;1308.693;1291.476;1280.769;1269.124;1250.642;1266.801;1354.693;1325.373;1279.747;1308.327
qpf4,4,4,1000,1,True,sum_arithmetic,1,15,74.121,80.125,98.687,110.945,84.780;110.945;82.161;98.687;94.648;82.814;79.628;78.779;75.751;76.986;74.121;78.955;88.119;80.125;77.155
qpf4,4,4,1000,1,True,point_lookup,1,15,13.609,16.073,17.902,19.439,17.208;13.609;14.751;14.126;16.056;19.439;17.451;16.073;13.837;16.527;13.654;14.145;16.350;17.902;17.110
qpf4,4,4,1000,1,True,point_lookup_during_scans,1,15,19.094,26.165,32.853,52.418,22.901;31.775;21.357;27.236;32.853;28.737;25.868;25.206;26.165;22.678;52.418;29.527;24.386;32.716;19.094
qpf4,4,4,1000,1,True,point_lookup_during_aggregations,1,15,19.672,50.398,61.919,66.440,66.440;57.597;20.467;50.398;51.538;23.635;45.961;56.512;20.919;61.919;49.971;19.672;58.027;55.729;22.723
cursor250,0,4,250,1,True,full_scan,1,15,3943.066,4080.677,4170.865,4179.310,3943.066;4058.207;4117.512;4129.471;4017.333;4056.839;4170.865;4014.916;4146.038;4013.181;4019.465;4080.677;4179.310;4129.766;4103.871
cursor250,0,4,250,1,True,sum_arithmetic,1,15,63.753,68.887,87.923,89.432,68.887;66.222;68.288;80.125;87.923;89.432;76.034;69.812;66.325;72.535;70.591;65.535;65.307;63.753;65.715
cursor250,0,4,250,1,True,point_lookup,1,15,13.733,16.781,23.795,25.250,23.795;22.942;21.074;22.451;25.250;20.419;13.958;17.547;14.379;14.395;13.743;13.733;14.522;16.781;16.340
cursor250,0,4,250,1,True,point_lookup_during_scans,1,15,20.103,34.534,47.510,49.799,38.154;34.534;29.718;39.794;32.927;46.420;49.799;31.505;22.112;41.950;33.193;34.948;34.509;20.103;47.510
cursor250,0,4,250,1,True,point_lookup_during_aggregations,1,15,57.539,112.136,141.296,150.031,105.507;60.147;105.379;109.859;113.586;129.214;117.645;112.136;111.491;141.296;57.539;113.077;109.997;123.972;150.031
connections8,0,8,1000,1,True,full_scan,1,15,1263.398,1317.549,1362.979,1476.462,1312.768;1362.979;1317.549;1293.509;1355.624;1476.462;1302.687;1319.141;1324.791;1263.398;1346.503;1282.363;1302.158;1293.736;1340.915
connections8,0,8,1000,1,True,sum_arithmetic,1,15,65.033,69.623,72.952,76.324,65.033;71.172;76.324;68.710;69.815;71.823;69.623;66.066;71.152;70.374;65.631;66.844;66.482;72.952;68.023
connections8,0,8,1000,1,True,point_lookup,1,15,12.711,14.514,17.363,17.439,17.439;16.936;14.193;13.162;15.833;14.514;16.268;17.363;14.100;13.930;12.711;15.107;13.796;13.145;15.058
connections8,0,8,1000,1,True,point_lookup_during_scans,1,15,23.726,60.447,157.520,420.294,60.867;35.299;29.371;42.944;40.218;60.447;31.074;30.227;23.726;74.734;80.120;420.294;79.654;66.847;157.520
connections8,0,8,1000,1,True,point_lookup_during_aggregations,1,15,103.590,110.346,127.477,130.215,116.460;116.921;113.476;127.477;113.291;106.453;103.590;104.108;105.196;108.191;130.215;113.605;108.378;110.346;106.331
qpf2-cursor250,2,4,250,1,True,full_scan,1,15,4008.330,4077.765,4440.815,4513.387,4350.973;4180.622;4113.805;4105.050;4052.837;4440.815;4513.387;4040.072;4030.370;4181.258;4025.519;4018.431;4077.765;4034.410;4008.330
qpf2-cursor250,2,4,250,1,True,sum_arithmetic,1,15,73.648,79.144,86.432,91.503,83.688;77.006;78.118;79.841;80.563;79.370;73.648;74.586;91.503;79.144;77.523;86.432;76.866;76.512;82.100
qpf2-cursor250,2,4,250,1,True,point_lookup,1,15,14.301,16.189,17.597,19.007,17.056;19.007;17.597;16.041;17.587;16.429;17.092;17.102;15.922;15.082;14.301;14.377;15.682;15.398;16.189
qpf2-cursor250,2,4,250,1,True,point_lookup_during_scans,1,15,14.604,36.731,57.030,107.181,57.030;35.460;46.275;24.161;34.467;107.181;33.237;48.384;32.937;14.604;38.546;46.100;36.731;38.663;33.142
qpf2-cursor250,2,4,250,1,True,point_lookup_during_aggregations,1,15,18.683,53.059,93.269,103.006,24.863;64.559;54.891;18.854;53.205;22.893;53.059;24.697;57.552;52.982;93.269;103.006;25.768;65.121;18.683
qpf4-cursor250,4,4,250,1,True,full_scan,1,15,1715.677,3935.074,4082.580,4263.743,3965.918;3945.233;4082.580;3996.328;4012.492;3935.074;3991.219;3680.021;3867.822;3126.813;4263.743;3839.272;3591.143;3251.009;1715.677
qpf4-cursor250,4,4,250,1,True,sum_arithmetic,1,15,85.705,96.444,111.083,142.985,142.985;93.984;102.667;105.747;111.083;96.444;109.437;105.892;104.328;95.109;96.136;93.750;90.839;94.702;85.705
qpf4-cursor250,4,4,250,1,True,point_lookup,1,15,18.325,21.870,29.543,37.867,22.516;19.438;18.325;21.139;21.870;19.734;20.051;23.477;23.085;21.352;19.080;22.570;22.907;29.543;37.867
qpf4-cursor250,4,4,250,1,True,point_lookup_during_scans,1,15,22.595,37.186,45.279,51.329,35.550;43.909;33.778;39.404;51.329;38.078;32.062;35.739;45.279;30.329;38.261;38.636;35.394;22.595;37.186
qpf4-cursor250,4,4,250,1,True,point_lookup_during_aggregations,1,15,22.624,60.563,121.032,137.638,67.987;54.165;137.638;25.170;70.065;22.624;57.097;61.464;31.688;58.129;60.563;29.579;70.690;121.032;84.858
qpf2-ahead2,2,4,1000,2,True,full_scan,1,15,721.859,961.730,1452.244,1494.014,807.338;1177.332;1437.551;826.462;721.859;979.703;987.459;961.730;968.213;1452.244;757.380;765.636;825.565;918.628;1494.014
qpf2-ahead2,2,4,1000,2,True,sum_arithmetic,1,15,130.204,159.450,280.476,522.896,158.920;280.476;179.909;231.275;133.626;247.760;154.499;196.239;145.151;131.189;157.899;130.204;159.450;522.896;246.415
qpf2-ahead2,2,4,1000,2,True,point_lookup,1,15,34.536,56.531,130.970,213.669,47.134;56.531;47.712;49.502;61.355;51.036;47.885;84.356;34.536;213.669;45.707;114.810;64.966;130.970;80.816
qpf2-ahead2,2,4,1000,2,True,point_lookup_during_scans,1,15,81.730,199.017,543.894,568.093,216.964;163.570;543.894;302.406;189.415;178.808;395.565;444.745;568.093;81.730;122.323;199.017;232.697;131.994;118.499
qpf2-ahead2,2,4,1000,2,True,point_lookup_during_aggregations,1,15,28.442,67.042,140.240,178.687,178.687;39.839;140.240;34.514;60.871;28.695;67.042;84.269;121.558;95.794;116.198;79.948;28.442;63.493;47.208
baseline-2,0,4,1000,1,True,full_scan,1,30,1252.000,1446.297,1899.514,3230.873,3230.873;2648.338;1583.090;1585.093;1252.000;1313.964;1699.278;1432.845;1490.624;1764.371;1388.499;1442.554;1588.402;1437.404;1899.514;1446.297;2249.263;1517.531;1274.977;1345.379;1672.834;1386.729;1324.747;1405.633;1538.164;1434.661;1301.178;1490.134;1501.523;1364.925
baseline-2,0,4,1000,1,True,sum_arithmetic,1,30,71.875,80.326,97.583,128.303,91.500;128.303;96.754;86.693;86.158;80.165;84.166;90.067;81.951;78.590;73.881;83.077;101.998;86.257;77.036;78.169;74.584;74.237;78.932;74.351;71.875;76.221;79.502;77.611;95.928;101.648;97.583;89.965;80.326;72.253
baseline-2,0,4,1000,1,True,point_lookup,1,30,15.694,19.683,22.843,24.726,17.539;18.403;24.603;22.053;18.671;16.079;20.547;20.511;20.396;19.744;17.248;21.983;19.229;15.694;20.342;19.676;16.680;19.683;21.601;20.013;20.419;21.632;23.045;24.726;18.351;16.308;18.641;18.959;18.722;22.843
baseline-2,0,4,1000,1,True,point_lookup_during_scans,1,30,27.633,67.943,106.755,142.963,57.387;49.948;54.142;75.471;57.295;71.140;69.763;38.464;142.963;127.715;106.755;55.988;45.157;27.633;67.943;58.161;88.730;74.164;50.859;37.556;57.700;41.987;58.300;87.313;118.470;80.426;99.878;81.712;72.877;80.700
baseline-2,0,4,1000,1,True,point_lookup_during_aggregations,1,30,100.288,245.404,396.128,555.093,215.062;202.745;207.582;245.404;225.104;109.270;212.783;106.110;251.356;304.719;314.792;141.348;190.242;333.046;359.281;409.583;555.093;419.469;267.796;360.087;243.139;258.283;100.288;396.128;136.799;156.158;328.223;235.080;254.678;295.647
qpf2-repeat,2,4,1000,1,True,full_scan,1,30,1269.034,1351.753,1450.882,1554.430,1369.358;1351.753;1488.818;1375.523;1460.397;1349.736;1554.430;1386.886;1297.937;1314.775;1365.929;1269.034;1357.182;1450.882;1324.778;1324.400;1357.000;1315.482;1338.905;1353.343;1335.561;1353.818;1399.282;1346.556;1293.893;1363.059;1349.815;1309.177;1333.412;1354.258
qpf2-repeat,2,4,1000,1,True,sum_arithmetic,1,30,72.113,83.037,96.348,105.446,91.289;105.446;92.734;86.621;98.305;93.281;105.283;96.348;82.327;81.050;89.271;86.517;84.409;83.101;83.556;82.471;84.382;76.911;82.540;81.043;76.797;78.734;79.820;84.321;75.902;82.507;83.037;79.726;74.655;72.113
qpf2-repeat,2,4,1000,1,True,point_lookup,1,30,13.610,17.150,20.296,35.782,17.518;13.662;18.701;18.039;17.977;14.499;18.683;13.610;14.416;17.682;15.355;17.614;22.093;20.213;15.747;14.653;17.596;14.368;16.010;19.643;18.067;15.259;15.702;14.297;15.214;17.150;20.296;23.870;35.782;15.869
qpf2-repeat,2,4,1000,1,True,point_lookup_during_scans,1,30,23.094,34.905,57.073,76.591,64.832;31.187;27.348;25.137;33.028;33.628;46.336;38.265;31.182;48.050;29.065;35.289;26.576;37.149;34.905;23.094;31.645;43.902;48.406;51.339;31.583;57.921;33.319;47.735;29.352;76.591;36.514;25.248;47.420;57.073
qpf2-repeat,2,4,1000,1,True,point_lookup_during_aggregations,1,30,12.718,44.467,55.734,90.394,18.733;64.383;12.718;58.228;20.239;55.509;19.831;54.578;21.574;55.734;17.727;49.754;14.346;49.472;18.861;54.426;44.467;20.220;52.538;17.332;52.383;16.338;90.394;49.276;15.651;45.741;17.204;51.827;16.365;45.684
qpf2-cursor2000,2,4,2000,1,True,full_scan,1,15,985.768,1032.007,1080.053,1157.632,1157.632;1062.233;1025.582;1080.053;1055.842;1064.314;985.768;1024.649;1052.488;1017.319;1016.428;1002.953;1032.007;1048.001;1013.258
qpf2-cursor2000,2,4,2000,1,True,sum_arithmetic,1,15,79.230,85.028,95.962,363.796,95.433;95.158;85.028;80.817;91.653;363.796;84.606;95.962;94.762;84.950;93.032;83.910;79.230;80.918;82.562
qpf2-cursor2000,2,4,2000,1,True,point_lookup,1,15,13.880,17.965,20.857,22.974,15.838;16.369;17.878;15.903;17.170;13.880;17.965;18.482;20.857;19.970;18.336;22.974;19.252;19.895;16.284
qpf2-cursor2000,2,4,2000,1,True,point_lookup_during_scans,1,15,25.921,46.818,59.026,60.077,40.276;38.381;59.026;60.077;28.464;28.206;47.177;50.108;45.233;46.818;32.537;47.396;50.201;53.679;25.921
qpf2-cursor2000,2,4,2000,1,True,point_lookup_during_aggregations,1,15,15.975,52.969,59.649,65.113,20.130;59.649;27.746;52.969;31.713;54.733;65.113;16.500;58.947;19.874;59.155;33.735;58.209;55.378;15.975
pushdown-off,0,4,1000,1,False,full_scan,1,15,1290.644,1360.656,1507.732,1615.705,1371.853;1290.644;1305.557;1360.656;1332.589;1314.040;1410.327;1615.705;1492.872;1394.422;1507.732;1321.750;1343.251;1376.312;1299.328
pushdown-off,0,4,1000,1,False,sum_arithmetic,1,15,1271.280,1323.378,1386.220,1411.590,1375.933;1279.354;1323.378;1411.590;1281.088;1289.975;1271.827;1337.461;1359.468;1272.387;1381.653;1271.280;1300.052;1368.618;1386.220
pushdown-off,0,4,1000,1,False,point_lookup,1,15,14.758,18.321,23.765,29.849,16.614;16.663;18.741;20.697;29.849;23.765;19.152;17.291;18.321;16.416;16.069;18.479;15.296;18.645;14.758
pushdown-off,0,4,1000,1,False,point_lookup_during_scans,1,15,25.533,46.284,51.870,58.313,51.519;45.411;45.967;51.870;31.380;44.983;58.313;34.823;25.533;46.284;50.380;46.779;28.234;48.447;46.387
pushdown-off,0,4,1000,1,False,point_lookup_during_aggregations,1,15,18.247,34.983,51.780,58.352,34.983;43.206;36.027;34.441;25.337;48.093;58.352;21.775;26.843;51.780;50.627;18.247;44.284;26.967;27.901
