-1,0,0,http://state=19945206/foto-4/login-2491724/?bundlers/search?text,http://irr.ru/index.php?showalbum/login-kapusta-advert2604/page_type=profiler/#tab&p=4&order_creditoria,13
-1,0,0,http://go.mail.ru/yandsearch?lr,http://komme%2F27.0.1453.116,13
-1,0,0,http://kinopoisk.ru/?state/apartments/parts.ru/GameMain.aspx?sort=sale/search?text=без опыта характеринские роза&lr=172&text=видеомагазин видео&clid=4&clid=4&starticle/two,"http://irr.ru/index.php?showalbum/login-leniya7777294,938303130",13
-1,0,0,http://state=19945206/foto-4/login-2006/makumirostova.ru/sale/s?rewrite&from]=&input_state,http://irr.ru/index.php?showalbum/login-tanka.ru/toglia_Sovetov_liver.ru%252fe%252d04.adriveresult,13
-1,0,0,http://state=19945206/foto-4/login-2006/makumiroshoowbiz/photo=450&with_photo=700758&brand had art&pagead2,http://irr.ru/index.php?showalbum/login-kapusta-advertist/?act=full&Forum25/topas-moskva,13
5,0,0,http://go.mail.ru/yandsearch?lr,http://afisha.yandex.ru,13
-1,0,0,http://state=19945206/foto-4/login.pl?cmd=showalbum/lofirms%2Fsmootinaerman,http://irr.ru/index.php?showalbum/login-mayya-56-457282812def36dc558152&_suid=13733586,13
1,0,0,http://yandex.ru/category=cinem rasmusic,http://komme%2F27.0.1453.116,13
-1,0,0,http://state=19945206/foto-4/login-2491724/?bundlers/search?text,http://irr.ru/index.php?showalbum/login-1377/13/~4/?suggeot/2569/page=101&po_yers=0&page/chart/ALESSO & OR - Its Now (Sick,13
-1,0,0,http://state=19945206/foto-4/login-2006/make=ForeightEnd,http://irr.ru/index.php?showalbum/login.aspx#location,13
