factor,scanSplitsSetting,clients,round,queries,elapsedSeconds,queriesPerSecond,redisShardCpuCores,redisContainerCpuCores,trinoCpuCores,redisPeakSampledMemoryBytes,trinoPeakSampledMemoryBytes
2,0,8,1,12,90.111457771,0.1331684149478035,3.834878496670122,4.8836848076149915,1.4873452456301697,29735587840,6335770624
2,0,8,2,12,86.48410214600017,0.13875382529545047,4.012119373649134,5.1002010492436085,1.4094462002869683,29404479488,4799127552
2,0,8,3,12,85.192464234,0.140857528983307,4.062184099597293,5.17068809686023,1.4024403271237211,29990944768,4823064576
0,0,8,1,12,138.6161188609999,0.08657001868616189,2.399439094582819,3.0964741274973355,0.9795766024697148,28322279424,5208387584
0,0,8,2,12,138.34103230999972,0.08674216029492939,2.4020741770326444,3.100411633918376,0.874012027767683,28322787328,6030557184
0,0,8,3,12,146.55273123000006,0.08188179025587168,2.3702333290883897,3.0314724602874996,0.8205494536636367,28333924352,6612021248
2,1,8,1,12,80.90101417999995,0.14832941368696212,3.142987113100837,4.288628365208143,1.556124764255907,29964656640,5045575680
2,1,8,2,12,84.18094987399991,0.1425500664694485,3.0209962899210954,4.12571584474213,1.3901437614421208,29320744960,5334339584
2,1,8,3,12,89.08289009200007,0.13470600232667618,2.8571910014347464,3.902377281956701,1.300282656506124,29597601792,5903814656
2,1,1,1,12,186.05417400999977,0.06449734365731048,1.3031694684853985,1.8319883865745987,0.5916583945885305,29191577600,4677128192
2,1,1,2,12,185.60913314399977,0.06465199097013254,1.306379927914097,1.8358191090572948,0.5648616061329584,29294755840,4734726144
2,1,1,3,12,185.24068444700015,0.06478058551674895,1.3097900689035407,1.8394513007743698,0.5510131219622969,29314990080,4761845760
0,1,4,1,12,120.55938412599971,0.09953600946947846,1.9757580157531076,2.754411592409074,0.9960335632874688,28220133376,4814462976
0,1,4,2,12,115.92960546999984,0.10351109150548563,2.055382805888253,2.8660091672126984,0.9483187862520318,28220866560,4872880128
0,1,4,3,12,120.81543112100007,0.09932506045508094,1.9685715035649944,2.7415980241928626,0.903854517345954,28217847808,4890173440
2,0,4,1,12,83.69075809699916,0.1433850077698158,4.095792951864231,5.225883714521971,1.544585488813877,29379452928,6227214336
2,0,4,2,12,84.46354637600052,0.1420731252104953,4.053857341210866,5.169402559130817,1.4264995591750904,29406642176,6640685056
2,0,4,3,12,83.20353045199954,0.14422464930046267,4.1175865429735055,5.2572064650736055,1.4268801097527162,29653770240,6451007488
2,0,1,1,12,92.44546688199989,0.12980625664768564,3.6685934327349607,4.688325810137658,1.2998186489011845,29241286656,5659127808
2,0,1,2,12,92.06132285000058,0.13034789886250178,3.674728787169447,4.6989390465363075,1.2420701538788006,29346144256,5710659584
2,0,1,3,12,92.01926236700001,0.1304074787313601,3.666696415504899,4.689438776284276,1.2318270820547013,29325299712,5768298496
0,1,8,1,12,105.54386151700055,0.1136968064984726,2.2594450097403795,3.1375157884451372,1.1824901725170933,28237438976,4915793920
0,1,8,2,12,105.14666693500021,0.11412629948049789,2.2627890397172683,3.142707885826157,1.0646669617962141,28235202560,5096644608
0,1,8,3,12,104.54772797899932,0.11478011270039709,2.2854903766682133,3.1766163740016573,1.036063891122442,28238880768,5474267136
0,0,1,1,12,141.16982483100037,0.08500400148803502,2.339896502098454,3.0203499278479375,0.8793023642119111,28250980352,4402331648
0,0,1,2,12,147.1377905090003,0.08155620631849823,2.33970757306202,2.994684418138599,0.8017030228375592,28250198016,5250859008
0,0,1,3,12,139.83332383499965,0.08581645398174004,2.3583948561337924,3.0461010138397007,0.8077092001308842,28250710016,5279293440
2,1,4,1,12,108.23458587799996,0.11087029069918722,2.315351369193018,3.181144459696331,1.0830683882621157,29337886720,4903817216
2,1,4,2,12,112.41455694999968,0.10674774091168122,2.2176672025265827,3.0518491679761772,0.9576406480446471,29483077632,4958072832
2,1,4,3,12,97.3747063259998,0.12323528822593129,2.580549751121889,3.5360554255774055,1.075206352916862,29338505216,4976893952
0,1,1,1,12,195.30420172100003,0.06144261052377402,1.201812589926906,1.7054563696564866,0.5797479095897347,28228296704,1520582656
0,1,1,2,12,200.08978982900044,0.05997307513919311,1.177434738890606,1.6693677582655624,0.5491133149895637,28222464000,4851019776
0,1,1,3,12,194.71358177399998,0.06162898289205194,1.2103544844604786,1.7133026818022876,0.5188461671564949,28226899968,4894208000
0,0,4,1,12,134.72651328499978,0.08906932798457613,2.487149497785377,3.2134938093507928,0.965088369929747,28341714944,5320499200
0,0,4,2,12,135.7237743249998,0.08841487101047739,2.466440681937369,3.1818573311217277,0.8813087390060035,28332433408,5602717696
0,0,4,3,12,141.9113876700003,0.08455981015353548,2.467810456769869,3.158208336600265,0.8308733273539474,28346269696,6173683712
