factor,scanSplitsSetting,clients,round,query,label,queryId,seconds,sourceDrivers,valid,outputSha256
2,0,8,1,3,qpf2-splits0-clients8-r1-n05-q03,20261008_233031_00011_ywpwr,7.081236608999916,1,True,ce0fb93b609fda529529da89f8a1766bd4ad4468657b9398c38c29dd65d16fd7
2,0,8,1,3,qpf2-splits0-clients8-r1-n02-q03,20261008_233031_00006_ywpwr,18.0760896769998,1,True,ce0fb93b609fda529529da89f8a1766bd4ad4468657b9398c38c29dd65d16fd7
2,0,8,1,3,qpf2-splits0-clients8-r1-n07-q03,20261008_233031_00010_ywpwr,19.206955051000023,1,True,ce0fb93b609fda529529da89f8a1766bd4ad4468657b9398c38c29dd65d16fd7
2,0,8,1,6,qpf2-splits0-clients8-r1-n03-q06,20261008_233031_00005_ywpwr,61.53105647800021,8,True,287e3a32626eb3218926fd1882d0779582d70c292969942dfc389ff898b8bb31
2,0,8,1,5,qpf2-splits0-clients8-r1-n01-q05,20261008_233031_00004_ywpwr,61.57731321199981,8,True,eb6622f624b5e8befd71170660461446478b5d63f5a1f745510cbb8f9d0a73b2
2,0,8,1,6,qpf2-splits0-clients8-r1-n09-q06,20261008_233038_00012_ywpwr,54.607157232999725,8,True,287e3a32626eb3218926fd1882d0779582d70c292969942dfc389ff898b8bb31
2,0,8,1,5,qpf2-splits0-clients8-r1-n06-q05,20261008_233031_00008_ywpwr,82.189264009,8,True,eb6622f624b5e8befd71170660461446478b5d63f5a1f745510cbb8f9d0a73b2
2,0,8,1,30,qpf2-splits0-clients8-r1-n10-q30,20261008_233049_00013_ywpwr,70.22856437200016,8,True,4c74e3ea72c3ba4d9c2d4c9ef97fe5d7ef75c0b4c10ee8d2f00792ca351ad028
2,0,8,1,30,qpf2-splits0-clients8-r1-n04-q30,20261008_233031_00007_ywpwr,88.31003510000028,8,True,4c74e3ea72c3ba4d9c2d4c9ef97fe5d7ef75c0b4c10ee8d2f00792ca351ad028
2,0,8,1,6,qpf2-splits0-clients8-r1-n12-q06,20261008_233133_00015_ywpwr,26.8556125289997,8,True,287e3a32626eb3218926fd1882d0779582d70c292969942dfc389ff898b8bb31
2,0,8,1,30,qpf2-splits0-clients8-r1-n11-q30,20261008_233050_00014_ywpwr,70.47351388100014,8,True,4c74e3ea72c3ba4d9c2d4c9ef97fe5d7ef75c0b4c10ee8d2f00792ca351ad028
2,0,8,1,5,qpf2-splits0-clients8-r1-n08-q05,20261008_233031_00009_ywpwr,90.10869635200015,8,True,eb6622f624b5e8befd71170660461446478b5d63f5a1f745510cbb8f9d0a73b2
2,0,8,2,3,qpf2-splits0-clients8-r2-n04-q03,20261008_233202_00018_ywpwr,7.099407358000008,1,True,ce0fb93b609fda529529da89f8a1766bd4ad4468657b9398c38c29dd65d16fd7
2,0,8,2,3,qpf2-splits0-clients8-r2-n09-q03,20261008_233209_00024_ywpwr,7.024884672000098,1,True,ce0fb93b609fda529529da89f8a1766bd4ad4468657b9398c38c29dd65d16fd7
2,0,8,2,3,qpf2-splits0-clients8-r2-n10-q03,20261008_233216_00025_ywpwr,7.101229638999939,1,True,ce0fb93b609fda529529da89f8a1766bd4ad4468657b9398c38c29dd65d16fd7
2,0,8,2,6,qpf2-splits0-clients8-r2-n06-q06,20261008_233202_00019_ywpwr,72.10040956400007,8,True,287e3a32626eb3218926fd1882d0779582d70c292969942dfc389ff898b8bb31
2,0,8,2,6,qpf2-splits0-clients8-r2-n07-q06,20261008_233202_00023_ywpwr,72.17128972900036,8,True,287e3a32626eb3218926fd1882d0779582d70c292969942dfc389ff898b8bb31
2,0,8,2,6,qpf2-splits0-clients8-r2-n03-q06,20261008_233202_00017_ywpwr,72.184332283,8,True,287e3a32626eb3218926fd1882d0779582d70c292969942dfc389ff898b8bb31
2,0,8,2,30,qpf2-splits0-clients8-r2-n08-q30,20261008_233202_00022_ywpwr,72.20509290999962,8,True,4c74e3ea72c3ba4d9c2d4c9ef97fe5d7ef75c0b4c10ee8d2f00792ca351ad028
2,0,8,2,30,qpf2-splits0-clients8-r2-n05-q30,20261008_233202_00021_ywpwr,72.23799268099992,8,True,4c74e3ea72c3ba4d9c2d4c9ef97fe5d7ef75c0b4c10ee8d2f00792ca351ad028
2,0,8,2,5,qpf2-splits0-clients8-r2-n01-q05,20261008_233202_00020_ywpwr,78.07093729799999,8,True,eb6622f624b5e8befd71170660461446478b5d63f5a1f745510cbb8f9d0a73b2
2,0,8,2,5,qpf2-splits0-clients8-r2-n02-q05,20261008_233202_00016_ywpwr,84.09146721100024,8,True,eb6622f624b5e8befd71170660461446478b5d63f5a1f745510cbb8f9d0a73b2
2,0,8,2,30,qpf2-splits0-clients8-r2-n11-q30,20261008_233223_00026_ywpwr,64.87877717400033,8,True,4c74e3ea72c3ba4d9c2d4c9ef97fe5d7ef75c0b4c10ee8d2f00792ca351ad028
2,0,8,2,5,qpf2-splits0-clients8-r2-n12-q05,20261008_233314_00027_ywpwr,14.381222155999694,8,True,eb6622f624b5e8befd71170660461446478b5d63f5a1f745510cbb8f9d0a73b2
2,0,8,3,3,qpf2-splits0-clients8-r3-n03-q03,20261008_233329_00029_ywpwr,15.550912708999931,1,True,ce0fb93b609fda529529da89f8a1766bd4ad4468657b9398c38c29dd65d16fd7
2,0,8,3,3,qpf2-splits0-clients8-r3-n08-q03,20261008_233329_00035_ywpwr,15.550490739999987,1,True,ce0fb93b609fda529529da89f8a1766bd4ad4468657b9398c38c29dd65d16fd7
2,0,8,3,3,qpf2-splits0-clients8-r3-n07-q03,20261008_233329_00032_ywpwr,17.277435995999895,1,True,ce0fb93b609fda529529da89f8a1766bd4ad4468657b9398c38c29dd65d16fd7
2,0,8,3,5,qpf2-splits0-clients8-r3-n01-q05,20261008_233329_00034_ywpwr,69.12450397399971,8,True,eb6622f624b5e8befd71170660461446478b5d63f5a1f745510cbb8f9d0a73b2
2,0,8,3,6,qpf2-splits0-clients8-r3-n06-q06,20261008_233329_00033_ywpwr,70.38307543000019,8,True,287e3a32626eb3218926fd1882d0779582d70c292969942dfc389ff898b8bb31
2,0,8,3,30,qpf2-splits0-clients8-r3-n04-q30,20261008_233329_00030_ywpwr,70.59997176800016,8,True,4c74e3ea72c3ba4d9c2d4c9ef97fe5d7ef75c0b4c10ee8d2f00792ca351ad028
2,0,8,3,6,qpf2-splits0-clients8-r3-n05-q06,20261008_233329_00031_ywpwr,70.65420146899987,8,True,287e3a32626eb3218926fd1882d0779582d70c292969942dfc389ff898b8bb31
2,0,8,3,6,qpf2-splits0-clients8-r3-n09-q06,20261008_233345_00036_ywpwr,55.156337515999894,8,True,287e3a32626eb3218926fd1882d0779582d70c292969942dfc389ff898b8bb31
2,0,8,3,30,qpf2-splits0-clients8-r3-n10-q30,20261008_233345_00037_ywpwr,64.26667469299991,8,True,4c74e3ea72c3ba4d9c2d4c9ef97fe5d7ef75c0b4c10ee8d2f00792ca351ad028
2,0,8,3,5,qpf2-splits0-clients8-r3-n02-q05,20261008_233329_00028_ywpwr,84.75525222000033,8,True,eb6622f624b5e8befd71170660461446478b5d63f5a1f745510cbb8f9d0a73b2
2,0,8,3,30,qpf2-splits0-clients8-r3-n12-q30,20261008_233439_00039_ywpwr,15.674160812000082,8,True,4c74e3ea72c3ba4d9c2d4c9ef97fe5d7ef75c0b4c10ee8d2f00792ca351ad028
2,0,8,3,5,qpf2-splits0-clients8-r3-n11-q05,20261008_233347_00038_ywpwr,67.91245925600015,8,True,eb6622f624b5e8befd71170660461446478b5d63f5a1f745510cbb8f9d0a73b2
0,0,8,1,3,qpf0-splits0-clients8-r1-n02-q03,20261008_233604_00009_cvy5e,6.350147317999927,1,True,ce0fb93b609fda529529da89f8a1766bd4ad4468657b9398c38c29dd65d16fd7
0,0,8,1,3,qpf0-splits0-clients8-r1-n07-q03,20261008_233604_00010_cvy5e,19.38574649100019,1,True,ce0fb93b609fda529529da89f8a1766bd4ad4468657b9398c38c29dd65d16fd7
0,0,8,1,3,qpf0-splits0-clients8-r1-n05-q03,20261008_233604_00006_cvy5e,19.386461158000202,1,True,ce0fb93b609fda529529da89f8a1766bd4ad4468657b9398c38c29dd65d16fd7
0,0,8,1,5,qpf0-splits0-clients8-r1-n06-q05,20261008_233604_00004_cvy5e,109.225716896,8,True,eb6622f624b5e8befd71170660461446478b5d63f5a1f745510cbb8f9d0a73b2
0,0,8,1,6,qpf0-splits0-clients8-r1-n03-q06,20261008_233604_00007_cvy5e,109.22879050500023,8,True,287e3a32626eb3218926fd1882d0779582d70c292969942dfc389ff898b8bb31
0,0,8,1,5,qpf0-splits0-clients8-r1-n01-q05,20261008_233604_00005_cvy5e,109.52585466699975,8,True,eb6622f624b5e8befd71170660461446478b5d63f5a1f745510cbb8f9d0a73b2
0,0,8,1,30,qpf0-splits0-clients8-r1-n11-q30,20261008_233623_00013_cvy5e,90.16118805799988,8,True,4c74e3ea72c3ba4d9c2d4c9ef97fe5d7ef75c0b4c10ee8d2f00792ca351ad028
0,0,8,1,30,qpf0-splits0-clients8-r1-n10-q30,20261008_233623_00014_cvy5e,90.187895346,8,True,4c74e3ea72c3ba4d9c2d4c9ef97fe5d7ef75c0b4c10ee8d2f00792ca351ad028
0,0,8,1,6,qpf0-splits0-clients8-r1-n09-q06,20261008_233610_00012_cvy5e,124.55970228499973,8,True,287e3a32626eb3218926fd1882d0779582d70c292969942dfc389ff898b8bb31
0,0,8,1,30,qpf0-splits0-clients8-r1-n04-q30,20261008_233604_00008_cvy5e,138.54299661200002,8,True,4c74e3ea72c3ba4d9c2d4c9ef97fe5d7ef75c0b4c10ee8d2f00792ca351ad028
0,0,8,1,6,qpf0-splits0-clients8-r1-n12-q06,20261008_233753_00015_cvy5e,29.38462054899992,8,True,287e3a32626eb3218926fd1882d0779582d70c292969942dfc389ff898b8bb31
0,0,8,1,5,qpf0-splits0-clients8-r1-n08-q05,20261008_233604_00011_cvy5e,138.61336857299966,8,True,eb6622f624b5e8befd71170660461446478b5d63f5a1f745510cbb8f9d0a73b2
0,0,8,2,3,qpf0-splits0-clients8-r2-n04-q03,20261008_233823_00019_cvy5e,6.372744920000059,1,True,ce0fb93b609fda529529da89f8a1766bd4ad4468657b9398c38c29dd65d16fd7
0,0,8,2,3,qpf0-splits0-clients8-r2-n09-q03,20261008_233829_00024_cvy5e,6.392688634000024,1,True,ce0fb93b609fda529529da89f8a1766bd4ad4468657b9398c38c29dd65d16fd7
0,0,8,2,3,qpf0-splits0-clients8-r2-n10-q03,20261008_233836_00025_cvy5e,6.345850133999647,1,True,ce0fb93b609fda529529da89f8a1766bd4ad4468657b9398c38c29dd65d16fd7
0,0,8,2,6,qpf0-splits0-clients8-r2-n06-q06,20261008_233823_00021_cvy5e,106.47818751900013,8,True,287e3a32626eb3218926fd1882d0779582d70c292969942dfc389ff898b8bb31
0,0,8,2,6,qpf0-splits0-clients8-r2-n07-q06,20261008_233823_00022_cvy5e,106.5321378829999,8,True,287e3a32626eb3218926fd1882d0779582d70c292969942dfc389ff898b8bb31
0,0,8,2,30,qpf0-splits0-clients8-r2-n08-q30,20261008_233823_00023_cvy5e,106.87000305399988,8,True,4c74e3ea72c3ba4d9c2d4c9ef97fe5d7ef75c0b4c10ee8d2f00792ca351ad028
0,0,8,2,5,qpf0-splits0-clients8-r2-n01-q05,20261008_233823_00016_cvy5e,106.92635747600025,8,True,eb6622f624b5e8befd71170660461446478b5d63f5a1f745510cbb8f9d0a73b2
0,0,8,2,30,qpf0-splits0-clients8-r2-n11-q30,20261008_233842_00026_cvy5e,87.88270396799999,8,True,4c74e3ea72c3ba4d9c2d4c9ef97fe5d7ef75c0b4c10ee8d2f00792ca351ad028
0,0,8,2,5,qpf0-splits0-clients8-r2-n02-q05,20261008_233823_00017_cvy5e,131.9427406310001,8,True,eb6622f624b5e8befd71170660461446478b5d63f5a1f745510cbb8f9d0a73b2
0,0,8,2,6,qpf0-splits0-clients8-r2-n03-q06,20261008_233823_00018_cvy5e,138.18367446799994,8,True,287e3a32626eb3218926fd1882d0779582d70c292969942dfc389ff898b8bb31
0,0,8,2,30,qpf0-splits0-clients8-r2-n05-q30,20261008_233823_00020_cvy5e,138.25591307700006,8,True,4c74e3ea72c3ba4d9c2d4c9ef97fe5d7ef75c0b4c10ee8d2f00792ca351ad028
0,0,8,2,5,qpf0-splits0-clients8-r2-n12-q05,20261008_234010_00027_cvy5e,31.8603542259998,8,True,eb6622f624b5e8befd71170660461446478b5d63f5a1f745510cbb8f9d0a73b2
0,0,8,3,3,qpf0-splits0-clients8-r3-n07-q03,20261008_234042_00033_cvy5e,23.270745657000134,1,True,ce0fb93b609fda529529da89f8a1766bd4ad4468657b9398c38c29dd65d16fd7
0,0,8,3,3,qpf0-splits0-clients8-r3-n08-q03,20261008_234042_00035_cvy5e,23.270673840999734,1,True,ce0fb93b609fda529529da89f8a1766bd4ad4468657b9398c38c29dd65d16fd7
0,0,8,3,3,qpf0-splits0-clients8-r3-n03-q03,20261008_234042_00030_cvy5e,23.271439673999794,1,True,ce0fb93b609fda529529da89f8a1766bd4ad4468657b9398c38c29dd65d16fd7
0,0,8,3,6,qpf0-splits0-clients8-r3-n06-q06,20261008_234042_00028_cvy5e,114.85415816199975,8,True,287e3a32626eb3218926fd1882d0779582d70c292969942dfc389ff898b8bb31
0,0,8,3,6,qpf0-splits0-clients8-r3-n05-q06,20261008_234042_00031_cvy5e,114.92181911999978,8,True,287e3a32626eb3218926fd1882d0779582d70c292969942dfc389ff898b8bb31
0,0,8,3,5,qpf0-splits0-clients8-r3-n01-q05,20261008_234042_00034_cvy5e,115.268516309,8,True,eb6622f624b5e8befd71170660461446478b5d63f5a1f745510cbb8f9d0a73b2
0,0,8,3,5,qpf0-splits0-clients8-r3-n02-q05,20261008_234042_00029_cvy5e,115.35639057299977,8,True,eb6622f624b5e8befd71170660461446478b5d63f5a1f745510cbb8f9d0a73b2
0,0,8,3,5,qpf0-splits0-clients8-r3-n11-q05,20261008_234106_00037_cvy5e,92.87027769199995,8,True,eb6622f624b5e8befd71170660461446478b5d63f5a1f745510cbb8f9d0a73b2
0,0,8,3,6,qpf0-splits0-clients8-r3-n09-q06,20261008_234106_00036_cvy5e,123.16957786700004,8,True,287e3a32626eb3218926fd1882d0779582d70c292969942dfc389ff898b8bb31
0,0,8,3,30,qpf0-splits0-clients8-r3-n12-q30,20261008_234237_00039_cvy5e,31.66010905799976,8,True,4c74e3ea72c3ba4d9c2d4c9ef97fe5d7ef75c0b4c10ee8d2f00792ca351ad028
0,0,8,3,30,qpf0-splits0-clients8-r3-n10-q30,20261008_234106_00038_cvy5e,123.26845162300015,8,True,4c74e3ea72c3ba4d9c2d4c9ef97fe5d7ef75c0b4c10ee8d2f00792ca351ad028
0,0,8,3,30,qpf0-splits0-clients8-r3-n04-q30,20261008_234042_00032_cvy5e,146.55113700200036,8,True,4c74e3ea72c3ba4d9c2d4c9ef97fe5d7ef75c0b4c10ee8d2f00792ca351ad028
2,1,8,1,3,qpf2-splits1-clients8-r1-n07-q03,20261008_234422_00011_nbrbz,15.653608490000352,1,True,ce0fb93b609fda529529da89f8a1766bd4ad4468657b9398c38c29dd65d16fd7
2,1,8,1,3,qpf2-splits1-clients8-r1-n02-q03,20261008_234422_00008_nbrbz,15.656545442000152,1,True,ce0fb93b609fda529529da89f8a1766bd4ad4468657b9398c38c29dd65d16fd7
2,1,8,1,3,qpf2-splits1-clients8-r1-n05-q03,20261008_234422_00005_nbrbz,17.33570042400015,1,True,ce0fb93b609fda529529da89f8a1766bd4ad4468657b9398c38c29dd65d16fd7
2,1,8,1,30,qpf2-splits1-clients8-r1-n04-q30,20261008_234422_00007_nbrbz,54.07203561000006,1,True,4c74e3ea72c3ba4d9c2d4c9ef97fe5d7ef75c0b4c10ee8d2f00792ca351ad028
2,1,8,1,30,qpf2-splits1-clients8-r1-n10-q30,20261008_234438_00013_nbrbz,40.37698301799992,1,True,4c74e3ea72c3ba4d9c2d4c9ef97fe5d7ef75c0b4c10ee8d2f00792ca351ad028
2,1,8,1,6,qpf2-splits1-clients8-r1-n09-q06,20261008_234438_00012_nbrbz,40.956400741999914,1,True,287e3a32626eb3218926fd1882d0779582d70c292969942dfc389ff898b8bb31
2,1,8,1,5,qpf2-splits1-clients8-r1-n01-q05,20261008_234422_00009_nbrbz,68.87820442199973,1,True,eb6622f624b5e8befd71170660461446478b5d63f5a1f745510cbb8f9d0a73b2
2,1,8,1,5,qpf2-splits1-clients8-r1-n08-q05,20261008_234422_00010_nbrbz,68.96554182199998,1,True,eb6622f624b5e8befd71170660461446478b5d63f5a1f745510cbb8f9d0a73b2
2,1,8,1,5,qpf2-splits1-clients8-r1-n06-q05,20261008_234422_00006_nbrbz,73.82792443800008,1,True,eb6622f624b5e8befd71170660461446478b5d63f5a1f745510cbb8f9d0a73b2
2,1,8,1,6,qpf2-splits1-clients8-r1-n03-q06,20261008_234422_00004_nbrbz,76.01543456599984,1,True,287e3a32626eb3218926fd1882d0779582d70c292969942dfc389ff898b8bb31
2,1,8,1,30,qpf2-splits1-clients8-r1-n11-q30,20261008_234439_00014_nbrbz,58.78831050000008,1,True,4c74e3ea72c3ba4d9c2d4c9ef97fe5d7ef75c0b4c10ee8d2f00792ca351ad028
2,1,8,1,6,qpf2-splits1-clients8-r1-n12-q06,20261008_234516_00015_nbrbz,26.826951778999955,1,True,287e3a32626eb3218926fd1882d0779582d70c292969942dfc389ff898b8bb31
2,1,8,2,3,qpf2-splits1-clients8-r2-n04-q03,20261008_234544_00017_nbrbz,7.074249341999803,1,True,ce0fb93b609fda529529da89f8a1766bd4ad4468657b9398c38c29dd65d16fd7
2,1,8,2,3,qpf2-splits1-clients8-r2-n09-q03,20261008_234551_00024_nbrbz,7.0717508309999175,1,True,ce0fb93b609fda529529da89f8a1766bd4ad4468657b9398c38c29dd65d16fd7
2,1,8,2,3,qpf2-splits1-clients8-r2-n10-q03,20261008_234558_00025_nbrbz,7.037166609999986,1,True,ce0fb93b609fda529529da89f8a1766bd4ad4468657b9398c38c29dd65d16fd7
2,1,8,2,6,qpf2-splits1-clients8-r2-n07-q06,20261008_234544_00021_nbrbz,55.07856118300015,1,True,287e3a32626eb3218926fd1882d0779582d70c292969942dfc389ff898b8bb31
2,1,8,2,30,qpf2-splits1-clients8-r2-n11-q30,20261008_234605_00026_nbrbz,39.2986127879999,1,True,4c74e3ea72c3ba4d9c2d4c9ef97fe5d7ef75c0b4c10ee8d2f00792ca351ad028
2,1,8,2,30,qpf2-splits1-clients8-r2-n08-q30,20261008_234544_00023_nbrbz,61.850663865000115,1,True,4c74e3ea72c3ba4d9c2d4c9ef97fe5d7ef75c0b4c10ee8d2f00792ca351ad028
2,1,8,2,30,qpf2-splits1-clients8-r2-n05-q30,20261008_234544_00019_nbrbz,62.10405038499994,1,True,4c74e3ea72c3ba4d9c2d4c9ef97fe5d7ef75c0b4c10ee8d2f00792ca351ad028
2,1,8,2,6,qpf2-splits1-clients8-r2-n03-q06,20261008_234544_00020_nbrbz,63.77552896599991,1,True,287e3a32626eb3218926fd1882d0779582d70c292969942dfc389ff898b8bb31
2,1,8,2,6,qpf2-splits1-clients8-r2-n06-q06,20261008_234544_00022_nbrbz,63.936725410000236,1,True,287e3a32626eb3218926fd1882d0779582d70c292969942dfc389ff898b8bb31
2,1,8,2,5,qpf2-splits1-clients8-r2-n01-q05,20261008_234544_00018_nbrbz,69.55534505999958,1,True,eb6622f624b5e8befd71170660461446478b5d63f5a1f745510cbb8f9d0a73b2
2,1,8,2,5,qpf2-splits1-clients8-r2-n02-q05,20261008_234544_00016_nbrbz,71.98561455200024,1,True,eb6622f624b5e8befd71170660461446478b5d63f5a1f745510cbb8f9d0a73b2
2,1,8,2,5,qpf2-splits1-clients8-r2-n12-q05,20261008_234639_00027_nbrbz,29.099681419000262,1,True,eb6622f624b5e8befd71170660461446478b5d63f5a1f745510cbb8f9d0a73b2
2,1,8,3,3,qpf2-splits1-clients8-r3-n08-q03,20261008_234709_00034_nbrbz,11.035623951000161,1,True,ce0fb93b609fda529529da89f8a1766bd4ad4468657b9398c38c29dd65d16fd7
2,1,8,3,3,qpf2-splits1-clients8-r3-n03-q03,20261008_234709_00030_nbrbz,12.160382797000238,1,True,ce0fb93b609fda529529da89f8a1766bd4ad4468657b9398c38c29dd65d16fd7
2,1,8,3,3,qpf2-splits1-clients8-r3-n07-q03,20261008_234709_00035_nbrbz,19.20670604499992,1,True,ce0fb93b609fda529529da89f8a1766bd4ad4468657b9398c38c29dd65d16fd7
2,1,8,3,6,qpf2-splits1-clients8-r3-n06-q06,20261008_234709_00032_nbrbz,50.042138247000366,1,True,287e3a32626eb3218926fd1882d0779582d70c292969942dfc389ff898b8bb31
2,1,8,3,30,qpf2-splits1-clients8-r3-n04-q30,20261008_234709_00029_nbrbz,57.614421286999914,1,True,4c74e3ea72c3ba4d9c2d4c9ef97fe5d7ef75c0b4c10ee8d2f00792ca351ad028
2,1,8,3,6,qpf2-splits1-clients8-r3-n09-q06,20261008_234720_00036_nbrbz,49.314358162999724,1,True,287e3a32626eb3218926fd1882d0779582d70c292969942dfc389ff898b8bb31
2,1,8,3,5,qpf2-splits1-clients8-r3-n02-q05,20261008_234709_00033_nbrbz,62.93948951600032,1,True,eb6622f624b5e8befd71170660461446478b5d63f5a1f745510cbb8f9d0a73b2
2,1,8,3,5,qpf2-splits1-clients8-r3-n01-q05,20261008_234709_00028_nbrbz,77.52018270200006,1,True,eb6622f624b5e8befd71170660461446478b5d63f5a1f745510cbb8f9d0a73b2
2,1,8,3,6,qpf2-splits1-clients8-r3-n05-q06,20261008_234709_00031_nbrbz,79.87132168299968,1,True,287e3a32626eb3218926fd1882d0779582d70c292969942dfc389ff898b8bb31
2,1,8,3,30,qpf2-splits1-clients8-r3-n10-q30,20261008_234721_00037_nbrbz,67.79931577600018,1,True,4c74e3ea72c3ba4d9c2d4c9ef97fe5d7ef75c0b4c10ee8d2f00792ca351ad028
2,1,8,3,5,qpf2-splits1-clients8-r3-n11-q05,20261008_234728_00038_nbrbz,67.84430104300009,1,True,eb6622f624b5e8befd71170660461446478b5d63f5a1f745510cbb8f9d0a73b2
2,1,8,3,30,qpf2-splits1-clients8-r3-n12-q30,20261008_234759_00039_nbrbz,39.038264550999884,1,True,4c74e3ea72c3ba4d9c2d4c9ef97fe5d7ef75c0b4c10ee8d2f00792ca351ad028
2,1,1,1,5,qpf2-splits1-clients1-r1-n01-q05,20261008_234952_00004_qs8xe,20.430354025999804,1,True,eb6622f624b5e8befd71170660461446478b5d63f5a1f745510cbb8f9d0a73b2
2,1,1,1,3,qpf2-splits1-clients1-r1-n02-q03,20261008_235012_00005_qs8xe,7.011624961000052,1,True,ce0fb93b609fda529529da89f8a1766bd4ad4468657b9398c38c29dd65d16fd7
2,1,1,1,6,qpf2-splits1-clients1-r1-n03-q06,20261008_235019_00006_qs8xe,16.826908249999633,1,True,287e3a32626eb3218926fd1882d0779582d70c292969942dfc389ff898b8bb31
2,1,1,1,30,qpf2-splits1-clients1-r1-n04-q30,20261008_235036_00007_qs8xe,16.618890767000266,1,True,4c74e3ea72c3ba4d9c2d4c9ef97fe5d7ef75c0b4c10ee8d2f00792ca351ad028
2,1,1,1,3,qpf2-splits1-clients1-r1-n05-q03,20261008_235053_00008_qs8xe,7.035710904000098,1,True,ce0fb93b609fda529529da89f8a1766bd4ad4468657b9398c38c29dd65d16fd7
2,1,1,1,5,qpf2-splits1-clients1-r1-n06-q05,20261008_235100_00009_qs8xe,24.193601329000103,1,True,eb6622f624b5e8befd71170660461446478b5d63f5a1f745510cbb8f9d0a73b2
2,1,1,1,3,qpf2-splits1-clients1-r1-n07-q03,20261008_235124_00010_qs8xe,7.019501905000197,1,True,ce0fb93b609fda529529da89f8a1766bd4ad4468657b9398c38c29dd65d16fd7
2,1,1,1,5,qpf2-splits1-clients1-r1-n08-q05,20261008_235131_00011_qs8xe,19.802691901000344,1,True,eb6622f624b5e8befd71170660461446478b5d63f5a1f745510cbb8f9d0a73b2
2,1,1,1,6,qpf2-splits1-clients1-r1-n09-q06,20261008_235151_00012_qs8xe,16.82209277400034,1,True,287e3a32626eb3218926fd1882d0779582d70c292969942dfc389ff898b8bb31
2,1,1,1,30,qpf2-splits1-clients1-r1-n10-q30,20261008_235207_00013_qs8xe,16.78488728399998,1,True,4c74e3ea72c3ba4d9c2d4c9ef97fe5d7ef75c0b4c10ee8d2f00792ca351ad028
2,1,1,1,30,qpf2-splits1-clients1-r1-n11-q30,20261008_235224_00014_qs8xe,16.663883305000127,1,True,4c74e3ea72c3ba4d9c2d4c9ef97fe5d7ef75c0b4c10ee8d2f00792ca351ad028
2,1,1,1,6,qpf2-splits1-clients1-r1-n12-q06,20261008_235241_00015_qs8xe,16.838824551000016,1,True,287e3a32626eb3218926fd1882d0779582d70c292969942dfc389ff898b8bb31
2,1,1,2,5,qpf2-splits1-clients1-r2-n01-q05,20261008_235259_00016_qs8xe,19.802928606000023,1,True,eb6622f624b5e8befd71170660461446478b5d63f5a1f745510cbb8f9d0a73b2
2,1,1,2,5,qpf2-splits1-clients1-r2-n02-q05,20261008_235318_00017_qs8xe,19.84002195100038,1,True,eb6622f624b5e8befd71170660461446478b5d63f5a1f745510cbb8f9d0a73b2
2,1,1,2,6,qpf2-splits1-clients1-r2-n03-q06,20261008_235338_00018_qs8xe,16.796395533000123,1,True,287e3a32626eb3218926fd1882d0779582d70c292969942dfc389ff898b8bb31
2,1,1,2,3,qpf2-splits1-clients1-r2-n04-q03,20261008_235355_00019_qs8xe,7.019978720999916,1,True,ce0fb93b609fda529529da89f8a1766bd4ad4468657b9398c38c29dd65d16fd7
2,1,1,2,30,qpf2-splits1-clients1-r2-n05-q30,20261008_235402_00020_qs8xe,16.651940100000047,1,True,4c74e3ea72c3ba4d9c2d4c9ef97fe5d7ef75c0b4c10ee8d2f00792ca351ad028
2,1,1,2,6,qpf2-splits1-clients1-r2-n06-q06,20261008_235419_00021_qs8xe,17.082541466000293,1,True,287e3a32626eb3218926fd1882d0779582d70c292969942dfc389ff898b8bb31
2,1,1,2,6,qpf2-splits1-clients1-r2-n07-q06,20261008_235436_00022_qs8xe,16.805245411000215,1,True,287e3a32626eb3218926fd1882d0779582d70c292969942dfc389ff898b8bb31
2,1,1,2,30,qpf2-splits1-clients1-r2-n08-q30,20261008_235453_00023_qs8xe,16.63864316499985,1,True,4c74e3ea72c3ba4d9c2d4c9ef97fe5d7ef75c0b4c10ee8d2f00792ca351ad028
2,1,1,2,3,qpf2-splits1-clients1-r2-n09-q03,20261008_235509_00024_qs8xe,7.005358492000141,1,True,ce0fb93b609fda529529da89f8a1766bd4ad4468657b9398c38c29dd65d16fd7
2,1,1,2,3,qpf2-splits1-clients1-r2-n10-q03,20261008_235516_00025_qs8xe,7.013239261000308,1,True,ce0fb93b609fda529529da89f8a1766bd4ad4468657b9398c38c29dd65d16fd7
2,1,1,2,30,qpf2-splits1-clients1-r2-n11-q30,20261008_235523_00026_qs8xe,16.635568484000032,1,True,4c74e3ea72c3ba4d9c2d4c9ef97fe5d7ef75c0b4c10ee8d2f00792ca351ad028
2,1,1,2,5,qpf2-splits1-clients1-r2-n12-q05,20261008_235540_00027_qs8xe,24.312198435000028,1,True,eb6622f624b5e8befd71170660461446478b5d63f5a1f745510cbb8f9d0a73b2
2,1,1,3,5,qpf2-splits1-clients1-r3-n01-q05,20261008_235605_00028_qs8xe,24.23676972200019,1,True,eb6622f624b5e8befd71170660461446478b5d63f5a1f745510cbb8f9d0a73b2
2,1,1,3,5,qpf2-splits1-clients1-r3-n02-q05,20261008_235629_00029_qs8xe,19.99978507900005,1,True,eb6622f624b5e8befd71170660461446478b5d63f5a1f745510cbb8f9d0a73b2
2,1,1,3,3,qpf2-splits1-clients1-r3-n03-q03,20261008_235649_00030_qs8xe,7.035271596000257,1,True,ce0fb93b609fda529529da89f8a1766bd4ad4468657b9398c38c29dd65d16fd7
2,1,1,3,30,qpf2-splits1-clients1-r3-n04-q30,20261008_235656_00031_qs8xe,16.60716203000038,1,True,4c74e3ea72c3ba4d9c2d4c9ef97fe5d7ef75c0b4c10ee8d2f00792ca351ad028
2,1,1,3,6,qpf2-splits1-clients1-r3-n05-q06,20261008_235713_00032_qs8xe,16.786327385000277,1,True,287e3a32626eb3218926fd1882d0779582d70c292969942dfc389ff898b8bb31
2,1,1,3,6,qpf2-splits1-clients1-r3-n06-q06,20261008_235730_00033_qs8xe,16.69525631600027,1,True,287e3a32626eb3218926fd1882d0779582d70c292969942dfc389ff898b8bb31
2,1,1,3,3,qpf2-splits1-clients1-r3-n07-q03,20261008_235747_00034_qs8xe,7.026340476999849,1,True,ce0fb93b609fda529529da89f8a1766bd4ad4468657b9398c38c29dd65d16fd7
2,1,1,3,3,qpf2-splits1-clients1-r3-n08-q03,20261008_235754_00035_qs8xe,7.047009615000206,1,True,ce0fb93b609fda529529da89f8a1766bd4ad4468657b9398c38c29dd65d16fd7
2,1,1,3,6,qpf2-splits1-clients1-r3-n09-q06,20261008_235801_00036_qs8xe,16.803074427999945,1,True,287e3a32626eb3218926fd1882d0779582d70c292969942dfc389ff898b8bb31
2,1,1,3,30,qpf2-splits1-clients1-r3-n10-q30,20261008_235817_00037_qs8xe,16.636469389000013,1,True,4c74e3ea72c3ba4d9c2d4c9ef97fe5d7ef75c0b4c10ee8d2f00792ca351ad028
2,1,1,3,5,qpf2-splits1-clients1-r3-n11-q05,20261008_235834_00038_qs8xe,19.740533785000025,1,True,eb6622f624b5e8befd71170660461446478b5d63f5a1f745510cbb8f9d0a73b2
2,1,1,3,30,qpf2-splits1-clients1-r3-n12-q30,20261008_235854_00039_qs8xe,16.6215430379998,1,True,4c74e3ea72c3ba4d9c2d4c9ef97fe5d7ef75c0b4c10ee8d2f00792ca351ad028
0,1,4,1,3,qpf0-splits1-clients4-r1-n02-q03,20261009_000030_00001_rtdbv,6.501753081000061,1,True,ce0fb93b609fda529529da89f8a1766bd4ad4468657b9398c38c29dd65d16fd7
0,1,4,1,3,qpf0-splits1-clients4-r1-n05-q03,20261009_000036_00005_rtdbv,6.236524119999558,1,True,ce0fb93b609fda529529da89f8a1766bd4ad4468657b9398c38c29dd65d16fd7
0,1,4,1,30,qpf0-splits1-clients4-r1-n04-q30,20261009_000030_00002_rtdbv,50.35714358699988,1,True,4c74e3ea72c3ba4d9c2d4c9ef97fe5d7ef75c0b4c10ee8d2f00792ca351ad028
0,1,4,1,3,qpf0-splits1-clients4-r1-n07-q03,20261009_000120_00007_rtdbv,6.300266389999706,1,True,ce0fb93b609fda529529da89f8a1766bd4ad4468657b9398c38c29dd65d16fd7
0,1,4,1,6,qpf0-splits1-clients4-r1-n03-q06,20261009_000030_00004_rtdbv,58.64464529500037,1,True,287e3a32626eb3218926fd1882d0779582d70c292969942dfc389ff898b8bb31
0,1,4,1,5,qpf0-splits1-clients4-r1-n06-q05,20261009_000043_00006_rtdbv,48.760574312000244,1,True,eb6622f624b5e8befd71170660461446478b5d63f5a1f745510cbb8f9d0a73b2
0,1,4,1,5,qpf0-splits1-clients4-r1-n01-q05,20261009_000030_00003_rtdbv,66.90930436899998,1,True,eb6622f624b5e8befd71170660461446478b5d63f5a1f745510cbb8f9d0a73b2
0,1,4,1,6,qpf0-splits1-clients4-r1-n09-q06,20261009_000129_00009_rtdbv,37.2731507489998,1,True,287e3a32626eb3218926fd1882d0779582d70c292969942dfc389ff898b8bb31
0,1,4,1,30,qpf0-splits1-clients4-r1-n10-q30,20261009_000131_00010_rtdbv,39.29154944899983,1,True,4c74e3ea72c3ba4d9c2d4c9ef97fe5d7ef75c0b4c10ee8d2f00792ca351ad028
0,1,4,1,30,qpf0-splits1-clients4-r1-n11-q30,20261009_000137_00011_rtdbv,36.80041947399968,1,True,4c74e3ea72c3ba4d9c2d4c9ef97fe5d7ef75c0b4c10ee8d2f00792ca351ad028
0,1,4,1,5,qpf0-splits1-clients4-r1-n08-q05,20261009_000127_00008_rtdbv,57.38620657299998,1,True,eb6622f624b5e8befd71170660461446478b5d63f5a1f745510cbb8f9d0a73b2
0,1,4,1,6,qpf0-splits1-clients4-r1-n12-q06,20261009_000206_00012_rtdbv,24.639652523000223,1,True,287e3a32626eb3218926fd1882d0779582d70c292969942dfc389ff898b8bb31
0,1,4,2,3,qpf0-splits1-clients4-r2-n04-q03,20261009_000231_00014_rtdbv,6.303968827999597,1,True,ce0fb93b609fda529529da89f8a1766bd4ad4468657b9398c38c29dd65d16fd7
0,1,4,2,30,qpf0-splits1-clients4-r2-n05-q30,20261009_000238_00017_rtdbv,29.128640414000074,1,True,4c74e3ea72c3ba4d9c2d4c9ef97fe5d7ef75c0b4c10ee8d2f00792ca351ad028
0,1,4,2,6,qpf0-splits1-clients4-r2-n03-q06,20261009_000231_00016_rtdbv,38.94724963399949,1,True,287e3a32626eb3218926fd1882d0779582d70c292969942dfc389ff898b8bb31
0,1,4,2,5,qpf0-splits1-clients4-r2-n01-q05,20261009_000231_00013_rtdbv,52.38457194700004,1,True,eb6622f624b5e8befd71170660461446478b5d63f5a1f745510cbb8f9d0a73b2
0,1,4,2,5,qpf0-splits1-clients4-r2-n02-q05,20261009_000231_00015_rtdbv,64.5730117410003,1,True,eb6622f624b5e8befd71170660461446478b5d63f5a1f745510cbb8f9d0a73b2
0,1,4,2,3,qpf0-splits1-clients4-r2-n09-q03,20261009_000336_00021_rtdbv,6.214052156999969,1,True,ce0fb93b609fda529529da89f8a1766bd4ad4468657b9398c38c29dd65d16fd7
0,1,4,2,3,qpf0-splits1-clients4-r2-n10-q03,20261009_000342_00022_rtdbv,6.477367258999948,1,True,ce0fb93b609fda529529da89f8a1766bd4ad4468657b9398c38c29dd65d16fd7
0,1,4,2,6,qpf0-splits1-clients4-r2-n06-q06,20261009_000307_00018_rtdbv,51.96934294499988,1,True,287e3a32626eb3218926fd1882d0779582d70c292969942dfc389ff898b8bb31
0,1,4,2,6,qpf0-splits1-clients4-r2-n07-q06,20261009_000310_00019_rtdbv,52.26839884400033,1,True,287e3a32626eb3218926fd1882d0779582d70c292969942dfc389ff898b8bb31
0,1,4,2,30,qpf0-splits1-clients4-r2-n08-q30,20261009_000324_00020_rtdbv,47.41630472899942,1,True,4c74e3ea72c3ba4d9c2d4c9ef97fe5d7ef75c0b4c10ee8d2f00792ca351ad028
0,1,4,2,30,qpf0-splits1-clients4-r2-n11-q30,20261009_000349_00023_rtdbv,28.242607847999352,1,True,4c74e3ea72c3ba4d9c2d4c9ef97fe5d7ef75c0b4c10ee8d2f00792ca351ad028
0,1,4,2,5,qpf0-splits1-clients4-r2-n12-q05,20261009_000359_00024_rtdbv,28.525130950999483,1,True,eb6622f624b5e8befd71170660461446478b5d63f5a1f745510cbb8f9d0a73b2
0,1,4,3,3,qpf0-splits1-clients4-r3-n03-q03,20261009_000428_00028_rtdbv,6.285533909999685,1,True,ce0fb93b609fda529529da89f8a1766bd4ad4468657b9398c38c29dd65d16fd7
0,1,4,3,6,qpf0-splits1-clients4-r3-n05-q06,20261009_000435_00029_rtdbv,27.80348508499992,1,True,287e3a32626eb3218926fd1882d0779582d70c292969942dfc389ff898b8bb31
0,1,4,3,30,qpf0-splits1-clients4-r3-n04-q30,20261009_000428_00027_rtdbv,41.74565437199999,1,True,4c74e3ea72c3ba4d9c2d4c9ef97fe5d7ef75c0b4c10ee8d2f00792ca351ad028
0,1,4,3,3,qpf0-splits1-clients4-r3-n07-q03,20261009_000510_00031_rtdbv,6.240842428000178,1,True,ce0fb93b609fda529529da89f8a1766bd4ad4468657b9398c38c29dd65d16fd7
0,1,4,3,3,qpf0-splits1-clients4-r3-n08-q03,20261009_000516_00032_rtdbv,6.261685694999869,1,True,ce0fb93b609fda529529da89f8a1766bd4ad4468657b9398c38c29dd65d16fd7
0,1,4,3,6,qpf0-splits1-clients4-r3-n06-q06,20261009_000502_00030_rtdbv,39.301043748000666,1,True,287e3a32626eb3218926fd1882d0779582d70c292969942dfc389ff898b8bb31
0,1,4,3,5,qpf0-splits1-clients4-r3-n01-q05,20261009_000428_00026_rtdbv,84.95611062399985,1,True,eb6622f624b5e8befd71170660461446478b5d63f5a1f745510cbb8f9d0a73b2
0,1,4,3,5,qpf0-splits1-clients4-r3-n02-q05,20261009_000428_00025_rtdbv,85.10990859400044,1,True,eb6622f624b5e8befd71170660461446478b5d63f5a1f745510cbb8f9d0a73b2
0,1,4,3,6,qpf0-splits1-clients4-r3-n09-q06,20261009_000523_00033_rtdbv,38.30271751199962,1,True,287e3a32626eb3218926fd1882d0779582d70c292969942dfc389ff898b8bb31
0,1,4,3,30,qpf0-splits1-clients4-r3-n10-q30,20261009_000542_00034_rtdbv,40.50569462800013,1,True,4c74e3ea72c3ba4d9c2d4c9ef97fe5d7ef75c0b4c10ee8d2f00792ca351ad028
0,1,4,3,30,qpf0-splits1-clients4-r3-n12-q30,20261009_000553_00036_rtdbv,34.95749940800033,1,True,4c74e3ea72c3ba4d9c2d4c9ef97fe5d7ef75c0b4c10ee8d2f00792ca351ad028
0,1,4,3,5,qpf0-splits1-clients4-r3-n11-q05,20261009_000553_00035_rtdbv,35.85816925299969,1,True,eb6622f624b5e8befd71170660461446478b5d63f5a1f745510cbb8f9d0a73b2
2,0,4,1,3,qpf2-splits0-clients4-r1-n02-q03,20261009_000721_00004_usk54,7.275145274999886,1,True,ce0fb93b609fda529529da89f8a1766bd4ad4468657b9398c38c29dd65d16fd7
2,0,4,1,3,qpf2-splits0-clients4-r1-n05-q03,20261009_000728_00008_usk54,7.118919695999466,1,True,ce0fb93b609fda529529da89f8a1766bd4ad4468657b9398c38c29dd65d16fd7
2,0,4,1,6,qpf2-splits0-clients4-r1-n03-q06,20261009_000721_00005_usk54,42.2170159490006,8,True,287e3a32626eb3218926fd1882d0779582d70c292969942dfc389ff898b8bb31
2,0,4,1,5,qpf2-splits0-clients4-r1-n01-q05,20261009_000721_00006_usk54,42.341459910000594,8,True,eb6622f624b5e8befd71170660461446478b5d63f5a1f745510cbb8f9d0a73b2
2,0,4,1,30,qpf2-splits0-clients4-r1-n04-q30,20261009_000721_00007_usk54,42.380366664000576,8,True,4c74e3ea72c3ba4d9c2d4c9ef97fe5d7ef75c0b4c10ee8d2f00792ca351ad028
2,0,4,1,3,qpf2-splits0-clients4-r1-n07-q03,20261009_000803_00010_usk54,7.118518019000476,1,True,ce0fb93b609fda529529da89f8a1766bd4ad4468657b9398c38c29dd65d16fd7
2,0,4,1,5,qpf2-splits0-clients4-r1-n06-q05,20261009_000735_00009_usk54,40.27374091599995,8,True,eb6622f624b5e8befd71170660461446478b5d63f5a1f745510cbb8f9d0a73b2
2,0,4,1,5,qpf2-splits0-clients4-r1-n08-q05,20261009_000803_00011_usk54,33.18712491699989,8,True,eb6622f624b5e8befd71170660461446478b5d63f5a1f745510cbb8f9d0a73b2
2,0,4,1,6,qpf2-splits0-clients4-r1-n09-q06,20261009_000803_00012_usk54,34.89221596099924,8,True,287e3a32626eb3218926fd1882d0779582d70c292969942dfc389ff898b8bb31
2,0,4,1,30,qpf2-splits0-clients4-r1-n10-q30,20261009_000810_00013_usk54,30.079943357000047,8,True,4c74e3ea72c3ba4d9c2d4c9ef97fe5d7ef75c0b4c10ee8d2f00792ca351ad028
2,0,4,1,30,qpf2-splits0-clients4-r1-n11-q30,20261009_000815_00014_usk54,25.77420379399973,8,True,4c74e3ea72c3ba4d9c2d4c9ef97fe5d7ef75c0b4c10ee8d2f00792ca351ad028
2,0,4,1,6,qpf2-splits0-clients4-r1-n12-q06,20261009_000836_00015_usk54,8.160601336000582,8,True,287e3a32626eb3218926fd1882d0779582d70c292969942dfc389ff898b8bb31
2,0,4,2,3,qpf2-splits0-clients4-r2-n04-q03,20261009_000845_00017_usk54,7.124017619999904,1,True,ce0fb93b609fda529529da89f8a1766bd4ad4468657b9398c38c29dd65d16fd7
2,0,4,2,5,qpf2-splits0-clients4-r2-n01-q05,20261009_000845_00016_usk54,36.72286544100007,8,True,eb6622f624b5e8befd71170660461446478b5d63f5a1f745510cbb8f9d0a73b2
2,0,4,2,5,qpf2-splits0-clients4-r2-n02-q05,20261009_000845_00018_usk54,36.90002278199972,8,True,eb6622f624b5e8befd71170660461446478b5d63f5a1f745510cbb8f9d0a73b2
2,0,4,2,6,qpf2-splits0-clients4-r2-n03-q06,20261009_000845_00019_usk54,36.94925722900007,8,True,287e3a32626eb3218926fd1882d0779582d70c292969942dfc389ff898b8bb31
2,0,4,2,30,qpf2-splits0-clients4-r2-n05-q30,20261009_000853_00020_usk54,33.011765000000196,8,True,4c74e3ea72c3ba4d9c2d4c9ef97fe5d7ef75c0b4c10ee8d2f00792ca351ad028
2,0,4,2,3,qpf2-splits0-clients4-r2-n09-q03,20261009_000926_00024_usk54,7.057500102000631,1,True,ce0fb93b609fda529529da89f8a1766bd4ad4468657b9398c38c29dd65d16fd7
2,0,4,2,3,qpf2-splits0-clients4-r2-n10-q03,20261009_000933_00025_usk54,7.133255520999228,1,True,ce0fb93b609fda529529da89f8a1766bd4ad4468657b9398c38c29dd65d16fd7
2,0,4,2,6,qpf2-splits0-clients4-r2-n06-q06,20261009_000922_00021_usk54,36.04546691199994,8,True,287e3a32626eb3218926fd1882d0779582d70c292969942dfc389ff898b8bb31
2,0,4,2,30,qpf2-splits0-clients4-r2-n08-q30,20261009_000922_00023_usk54,35.85970713200004,8,True,4c74e3ea72c3ba4d9c2d4c9ef97fe5d7ef75c0b4c10ee8d2f00792ca351ad028
2,0,4,2,6,qpf2-splits0-clients4-r2-n07-q06,20261009_000922_00022_usk54,35.91649765300008,8,True,287e3a32626eb3218926fd1882d0779582d70c292969942dfc389ff898b8bb31
2,0,4,2,30,qpf2-splits0-clients4-r2-n11-q30,20261009_000940_00026_usk54,22.38226946299983,8,True,4c74e3ea72c3ba4d9c2d4c9ef97fe5d7ef75c0b4c10ee8d2f00792ca351ad028
2,0,4,2,5,qpf2-splits0-clients4-r2-n12-q05,20261009_000958_00027_usk54,11.693643770000563,8,True,eb6622f624b5e8befd71170660461446478b5d63f5a1f745510cbb8f9d0a73b2
2,0,4,3,3,qpf2-splits0-clients4-r3-n03-q03,20261009_001011_00029_usk54,7.218801783000345,1,True,ce0fb93b609fda529529da89f8a1766bd4ad4468657b9398c38c29dd65d16fd7
2,0,4,3,5,qpf2-splits0-clients4-r3-n02-q05,20261009_001011_00028_usk54,36.75723979200029,8,True,eb6622f624b5e8befd71170660461446478b5d63f5a1f745510cbb8f9d0a73b2
2,0,4,3,30,qpf2-splits0-clients4-r3-n04-q30,20261009_001011_00030_usk54,36.758448884000245,8,True,4c74e3ea72c3ba4d9c2d4c9ef97fe5d7ef75c0b4c10ee8d2f00792ca351ad028
2,0,4,3,5,qpf2-splits0-clients4-r3-n01-q05,20261009_001011_00031_usk54,36.77347912699952,8,True,eb6622f624b5e8befd71170660461446478b5d63f5a1f745510cbb8f9d0a73b2
2,0,4,3,3,qpf2-splits0-clients4-r3-n07-q03,20261009_001048_00034_usk54,10.51071096600026,1,True,ce0fb93b609fda529529da89f8a1766bd4ad4468657b9398c38c29dd65d16fd7
2,0,4,3,3,qpf2-splits0-clients4-r3-n08-q03,20261009_001048_00035_usk54,12.226594337999813,1,True,ce0fb93b609fda529529da89f8a1766bd4ad4468657b9398c38c29dd65d16fd7
2,0,4,3,6,qpf2-splits0-clients4-r3-n05-q06,20261009_001018_00032_usk54,42.75171991299976,8,True,287e3a32626eb3218926fd1882d0779582d70c292969942dfc389ff898b8bb31
2,0,4,3,6,qpf2-splits0-clients4-r3-n06-q06,20261009_001048_00033_usk54,38.95770048900067,8,True,287e3a32626eb3218926fd1882d0779582d70c292969942dfc389ff898b8bb31
2,0,4,3,6,qpf2-splits0-clients4-r3-n09-q06,20261009_001058_00036_usk54,28.44665096300014,8,True,287e3a32626eb3218926fd1882d0779582d70c292969942dfc389ff898b8bb31
2,0,4,3,30,qpf2-splits0-clients4-r3-n10-q30,20261009_001100_00037_usk54,26.722775105000437,8,True,4c74e3ea72c3ba4d9c2d4c9ef97fe5d7ef75c0b4c10ee8d2f00792ca351ad028
2,0,4,3,5,qpf2-splits0-clients4-r3-n11-q05,20261009_001101_00038_usk54,31.480390734999673,8,True,eb6622f624b5e8befd71170660461446478b5d63f5a1f745510cbb8f9d0a73b2
2,0,4,3,30,qpf2-splits0-clients4-r3-n12-q30,20261009_001127_00039_usk54,7.486520927999663,8,True,4c74e3ea72c3ba4d9c2d4c9ef97fe5d7ef75c0b4c10ee8d2f00792ca351ad028
2,0,1,1,5,qpf2-splits0-clients1-r1-n01-q05,20261009_001225_00004_bafr8,10.254006381999716,8,True,eb6622f624b5e8befd71170660461446478b5d63f5a1f745510cbb8f9d0a73b2
2,0,1,1,3,qpf2-splits0-clients1-r1-n02-q03,20261009_001236_00005_bafr8,7.070257461999972,1,True,ce0fb93b609fda529529da89f8a1766bd4ad4468657b9398c38c29dd65d16fd7
2,0,1,1,6,qpf2-splits0-clients1-r1-n03-q06,20261009_001243_00006_bafr8,6.917362985000182,8,True,287e3a32626eb3218926fd1882d0779582d70c292969942dfc389ff898b8bb31
2,0,1,1,30,qpf2-splits0-clients1-r1-n04-q30,20261009_001250_00007_bafr8,6.51278936000017,8,True,4c74e3ea72c3ba4d9c2d4c9ef97fe5d7ef75c0b4c10ee8d2f00792ca351ad028
2,0,1,1,3,qpf2-splits0-clients1-r1-n05-q03,20261009_001256_00008_bafr8,7.049920361999284,1,True,ce0fb93b609fda529529da89f8a1766bd4ad4468657b9398c38c29dd65d16fd7
2,0,1,1,5,qpf2-splits0-clients1-r1-n06-q05,20261009_001303_00009_bafr8,10.678420475999701,8,True,eb6622f624b5e8befd71170660461446478b5d63f5a1f745510cbb8f9d0a73b2
2,0,1,1,3,qpf2-splits0-clients1-r1-n07-q03,20261009_001314_00010_bafr8,7.052771848999328,1,True,ce0fb93b609fda529529da89f8a1766bd4ad4468657b9398c38c29dd65d16fd7
2,0,1,1,5,qpf2-splits0-clients1-r1-n08-q05,20261009_001321_00011_bafr8,10.3318952489999,8,True,eb6622f624b5e8befd71170660461446478b5d63f5a1f745510cbb8f9d0a73b2
2,0,1,1,6,qpf2-splits0-clients1-r1-n09-q06,20261009_001331_00012_bafr8,6.821549182999661,8,True,287e3a32626eb3218926fd1882d0779582d70c292969942dfc389ff898b8bb31
2,0,1,1,30,qpf2-splits0-clients1-r1-n10-q30,20261009_001338_00013_bafr8,6.434403592999843,8,True,4c74e3ea72c3ba4d9c2d4c9ef97fe5d7ef75c0b4c10ee8d2f00792ca351ad028
2,0,1,1,30,qpf2-splits0-clients1-r1-n11-q30,20261009_001344_00014_bafr8,6.407303704000697,8,True,4c74e3ea72c3ba4d9c2d4c9ef97fe5d7ef75c0b4c10ee8d2f00792ca351ad028
2,0,1,1,6,qpf2-splits0-clients1-r1-n12-q06,20261009_001351_00015_bafr8,6.909424410000611,8,True,287e3a32626eb3218926fd1882d0779582d70c292969942dfc389ff898b8bb31
2,0,1,2,5,qpf2-splits0-clients1-r2-n01-q05,20261009_001359_00016_bafr8,10.232594885000253,8,True,eb6622f624b5e8befd71170660461446478b5d63f5a1f745510cbb8f9d0a73b2
2,0,1,2,5,qpf2-splits0-clients1-r2-n02-q05,20261009_001409_00017_bafr8,10.331375210999795,8,True,eb6622f624b5e8befd71170660461446478b5d63f5a1f745510cbb8f9d0a73b2
2,0,1,2,6,qpf2-splits0-clients1-r2-n03-q06,20261009_001419_00018_bafr8,6.8509336420002,8,True,287e3a32626eb3218926fd1882d0779582d70c292969942dfc389ff898b8bb31
2,0,1,2,3,qpf2-splits0-clients1-r2-n04-q03,20261009_001426_00019_bafr8,7.05109685699972,1,True,ce0fb93b609fda529529da89f8a1766bd4ad4468657b9398c38c29dd65d16fd7
2,0,1,2,30,qpf2-splits0-clients1-r2-n05-q30,20261009_001433_00020_bafr8,6.430876401000205,8,True,4c74e3ea72c3ba4d9c2d4c9ef97fe5d7ef75c0b4c10ee8d2f00792ca351ad028
2,0,1,2,6,qpf2-splits0-clients1-r2-n06-q06,20261009_001440_00021_bafr8,6.804118164000101,8,True,287e3a32626eb3218926fd1882d0779582d70c292969942dfc389ff898b8bb31
2,0,1,2,6,qpf2-splits0-clients1-r2-n07-q06,20261009_001446_00022_bafr8,6.8262231560001965,8,True,287e3a32626eb3218926fd1882d0779582d70c292969942dfc389ff898b8bb31
2,0,1,2,30,qpf2-splits0-clients1-r2-n08-q30,20261009_001453_00023_bafr8,6.507418053000038,8,True,4c74e3ea72c3ba4d9c2d4c9ef97fe5d7ef75c0b4c10ee8d2f00792ca351ad028
2,0,1,2,3,qpf2-splits0-clients1-r2-n09-q03,20261009_001500_00024_bafr8,7.0352930310000374,1,True,ce0fb93b609fda529529da89f8a1766bd4ad4468657b9398c38c29dd65d16fd7
2,0,1,2,3,qpf2-splits0-clients1-r2-n10-q03,20261009_001507_00025_bafr8,7.029790626000249,1,True,ce0fb93b609fda529529da89f8a1766bd4ad4468657b9398c38c29dd65d16fd7
2,0,1,2,30,qpf2-splits0-clients1-r2-n11-q30,20261009_001514_00026_bafr8,6.370855281999866,8,True,4c74e3ea72c3ba4d9c2d4c9ef97fe5d7ef75c0b4c10ee8d2f00792ca351ad028
2,0,1,2,5,qpf2-splits0-clients1-r2-n12-q05,20261009_001520_00027_bafr8,10.585528343000078,8,True,eb6622f624b5e8befd71170660461446478b5d63f5a1f745510cbb8f9d0a73b2
2,0,1,3,5,qpf2-splits0-clients1-r3-n01-q05,20261009_001532_00028_bafr8,10.255267255000035,8,True,eb6622f624b5e8befd71170660461446478b5d63f5a1f745510cbb8f9d0a73b2
2,0,1,3,5,qpf2-splits0-clients1-r3-n02-q05,20261009_001542_00029_bafr8,10.136406124000132,8,True,eb6622f624b5e8befd71170660461446478b5d63f5a1f745510cbb8f9d0a73b2
2,0,1,3,3,qpf2-splits0-clients1-r3-n03-q03,20261009_001552_00030_bafr8,7.044521424000777,1,True,ce0fb93b609fda529529da89f8a1766bd4ad4468657b9398c38c29dd65d16fd7
2,0,1,3,30,qpf2-splits0-clients1-r3-n04-q30,20261009_001559_00031_bafr8,6.457296681000116,8,True,4c74e3ea72c3ba4d9c2d4c9ef97fe5d7ef75c0b4c10ee8d2f00792ca351ad028
2,0,1,3,6,qpf2-splits0-clients1-r3-n05-q06,20261009_001606_00032_bafr8,6.792160245000559,8,True,287e3a32626eb3218926fd1882d0779582d70c292969942dfc389ff898b8bb31
2,0,1,3,6,qpf2-splits0-clients1-r3-n06-q06,20261009_001613_00033_bafr8,6.817989153000781,8,True,287e3a32626eb3218926fd1882d0779582d70c292969942dfc389ff898b8bb31
2,0,1,3,3,qpf2-splits0-clients1-r3-n07-q03,20261009_001619_00034_bafr8,7.034257751000041,1,True,ce0fb93b609fda529529da89f8a1766bd4ad4468657b9398c38c29dd65d16fd7
2,0,1,3,3,qpf2-splits0-clients1-r3-n08-q03,20261009_001626_00035_bafr8,7.027798520000033,1,True,ce0fb93b609fda529529da89f8a1766bd4ad4468657b9398c38c29dd65d16fd7
2,0,1,3,6,qpf2-splits0-clients1-r3-n09-q06,20261009_001633_00036_bafr8,6.821928147000108,8,True,287e3a32626eb3218926fd1882d0779582d70c292969942dfc389ff898b8bb31
2,0,1,3,30,qpf2-splits0-clients1-r3-n10-q30,20261009_001640_00037_bafr8,6.389410828000109,8,True,4c74e3ea72c3ba4d9c2d4c9ef97fe5d7ef75c0b4c10ee8d2f00792ca351ad028
2,0,1,3,5,qpf2-splits0-clients1-r3-n11-q05,20261009_001647_00038_bafr8,10.8363036690007,8,True,eb6622f624b5e8befd71170660461446478b5d63f5a1f745510cbb8f9d0a73b2
2,0,1,3,30,qpf2-splits0-clients1-r3-n12-q30,20261009_001658_00039_bafr8,6.400857522000479,8,True,4c74e3ea72c3ba4d9c2d4c9ef97fe5d7ef75c0b4c10ee8d2f00792ca351ad028
0,1,8,1,3,qpf0-splits1-clients8-r1-n05-q03,20261009_001823_00005_37gpt,19.015843455999857,1,True,ce0fb93b609fda529529da89f8a1766bd4ad4468657b9398c38c29dd65d16fd7
0,1,8,1,3,qpf0-splits1-clients8-r1-n07-q03,20261009_001823_00010_37gpt,19.01558292200025,1,True,ce0fb93b609fda529529da89f8a1766bd4ad4468657b9398c38c29dd65d16fd7
0,1,8,1,3,qpf0-splits1-clients8-r1-n02-q03,20261009_001823_00008_37gpt,19.024353195999538,1,True,ce0fb93b609fda529529da89f8a1766bd4ad4468657b9398c38c29dd65d16fd7
0,1,8,1,30,qpf0-splits1-clients8-r1-n04-q30,20261009_001823_00009_37gpt,56.05060837000019,1,True,4c74e3ea72c3ba4d9c2d4c9ef97fe5d7ef75c0b4c10ee8d2f00792ca351ad028
0,1,8,1,30,qpf0-splits1-clients8-r1-n10-q30,20261009_001842_00012_37gpt,42.28287798400015,1,True,4c74e3ea72c3ba4d9c2d4c9ef97fe5d7ef75c0b4c10ee8d2f00792ca351ad028
0,1,8,1,6,qpf0-splits1-clients8-r1-n09-q06,20261009_001842_00013_37gpt,52.82580773400059,1,True,287e3a32626eb3218926fd1882d0779582d70c292969942dfc389ff898b8bb31
0,1,8,1,5,qpf0-splits1-clients8-r1-n06-q05,20261009_001823_00006_37gpt,88.8686213889996,1,True,eb6622f624b5e8befd71170660461446478b5d63f5a1f745510cbb8f9d0a73b2
0,1,8,1,5,qpf0-splits1-clients8-r1-n01-q05,20261009_001823_00007_37gpt,90.80693516500014,1,True,eb6622f624b5e8befd71170660461446478b5d63f5a1f745510cbb8f9d0a73b2
0,1,8,1,6,qpf0-splits1-clients8-r1-n03-q06,20261009_001823_00004_37gpt,97.5307586429999,1,True,287e3a32626eb3218926fd1882d0779582d70c292969942dfc389ff898b8bb31
0,1,8,1,30,qpf0-splits1-clients8-r1-n11-q30,20261009_001842_00014_37gpt,78.5840934709995,1,True,4c74e3ea72c3ba4d9c2d4c9ef97fe5d7ef75c0b4c10ee8d2f00792ca351ad028
0,1,8,1,5,qpf0-splits1-clients8-r1-n08-q05,20261009_001823_00011_37gpt,98.67522086500048,1,True,eb6622f624b5e8befd71170660461446478b5d63f5a1f745510cbb8f9d0a73b2
0,1,8,1,6,qpf0-splits1-clients8-r1-n12-q06,20261009_001919_00015_37gpt,49.49103828100033,1,True,287e3a32626eb3218926fd1882d0779582d70c292969942dfc389ff898b8bb31
0,1,8,2,3,qpf0-splits1-clients8-r2-n04-q03,20261009_002010_00017_37gpt,6.495602596000026,1,True,ce0fb93b609fda529529da89f8a1766bd4ad4468657b9398c38c29dd65d16fd7
0,1,8,2,3,qpf0-splits1-clients8-r2-n09-q03,20261009_002016_00024_37gpt,6.381453109999711,1,True,ce0fb93b609fda529529da89f8a1766bd4ad4468657b9398c38c29dd65d16fd7
0,1,8,2,3,qpf0-splits1-clients8-r2-n10-q03,20261009_002023_00025_37gpt,6.268164998999964,1,True,ce0fb93b609fda529529da89f8a1766bd4ad4468657b9398c38c29dd65d16fd7
0,1,8,2,6,qpf0-splits1-clients8-r2-n07-q06,20261009_002010_00022_37gpt,56.939562391000436,1,True,287e3a32626eb3218926fd1882d0779582d70c292969942dfc389ff898b8bb31
0,1,8,2,30,qpf0-splits1-clients8-r2-n05-q30,20261009_002010_00021_37gpt,74.87536582299981,1,True,4c74e3ea72c3ba4d9c2d4c9ef97fe5d7ef75c0b4c10ee8d2f00792ca351ad028
0,1,8,2,30,qpf0-splits1-clients8-r2-n08-q30,20261009_002010_00023_37gpt,75.48966650400052,1,True,4c74e3ea72c3ba4d9c2d4c9ef97fe5d7ef75c0b4c10ee8d2f00792ca351ad028
0,1,8,2,6,qpf0-splits1-clients8-r2-n06-q06,20261009_002010_00020_37gpt,77.0685580899999,1,True,287e3a32626eb3218926fd1882d0779582d70c292969942dfc389ff898b8bb31
0,1,8,2,6,qpf0-splits1-clients8-r2-n03-q06,20261009_002010_00019_37gpt,79.41023724000024,1,True,287e3a32626eb3218926fd1882d0779582d70c292969942dfc389ff898b8bb31
0,1,8,2,30,qpf0-splits1-clients8-r2-n11-q30,20261009_002029_00026_37gpt,66.44396841399976,1,True,4c74e3ea72c3ba4d9c2d4c9ef97fe5d7ef75c0b4c10ee8d2f00792ca351ad028
0,1,8,2,5,qpf0-splits1-clients8-r2-n12-q05,20261009_002107_00027_37gpt,43.718334614000014,1,True,eb6622f624b5e8befd71170660461446478b5d63f5a1f745510cbb8f9d0a73b2
0,1,8,2,5,qpf0-splits1-clients8-r2-n02-q05,20261009_002010_00018_37gpt,105.0912461529997,1,True,eb6622f624b5e8befd71170660461446478b5d63f5a1f745510cbb8f9d0a73b2
0,1,8,2,5,qpf0-splits1-clients8-r2-n01-q05,20261009_002010_00016_37gpt,105.14572671699989,1,True,eb6622f624b5e8befd71170660461446478b5d63f5a1f745510cbb8f9d0a73b2
0,1,8,3,3,qpf0-splits1-clients8-r3-n03-q03,20261009_002156_00030_37gpt,18.99067738099984,1,True,ce0fb93b609fda529529da89f8a1766bd4ad4468657b9398c38c29dd65d16fd7
0,1,8,3,3,qpf0-splits1-clients8-r3-n08-q03,20261009_002156_00034_37gpt,18.989553776999855,1,True,ce0fb93b609fda529529da89f8a1766bd4ad4468657b9398c38c29dd65d16fd7
0,1,8,3,3,qpf0-splits1-clients8-r3-n07-q03,20261009_002156_00035_37gpt,18.990598569000213,1,True,ce0fb93b609fda529529da89f8a1766bd4ad4468657b9398c38c29dd65d16fd7
0,1,8,3,30,qpf0-splits1-clients8-r3-n04-q30,20261009_002156_00033_37gpt,58.31506365699988,1,True,4c74e3ea72c3ba4d9c2d4c9ef97fe5d7ef75c0b4c10ee8d2f00792ca351ad028
0,1,8,3,6,qpf0-splits1-clients8-r3-n06-q06,20261009_002156_00032_37gpt,63.34026385699963,1,True,287e3a32626eb3218926fd1882d0779582d70c292969942dfc389ff898b8bb31
0,1,8,3,30,qpf0-splits1-clients8-r3-n10-q30,20261009_002215_00037_37gpt,50.300224853000145,1,True,4c74e3ea72c3ba4d9c2d4c9ef97fe5d7ef75c0b4c10ee8d2f00792ca351ad028
0,1,8,3,6,qpf0-splits1-clients8-r3-n09-q06,20261009_002215_00036_37gpt,52.44833851800013,1,True,287e3a32626eb3218926fd1882d0779582d70c292969942dfc389ff898b8bb31
0,1,8,3,5,qpf0-splits1-clients8-r3-n01-q05,20261009_002156_00028_37gpt,89.24011627100026,1,True,eb6622f624b5e8befd71170660461446478b5d63f5a1f745510cbb8f9d0a73b2
0,1,8,3,30,qpf0-splits1-clients8-r3-n12-q30,20261009_002255_00039_37gpt,40.466270619999705,1,True,4c74e3ea72c3ba4d9c2d4c9ef97fe5d7ef75c0b4c10ee8d2f00792ca351ad028
0,1,8,3,6,qpf0-splits1-clients8-r3-n05-q06,20261009_002156_00031_37gpt,99.42943902200022,1,True,287e3a32626eb3218926fd1882d0779582d70c292969942dfc389ff898b8bb31
0,1,8,3,5,qpf0-splits1-clients8-r3-n11-q05,20261009_002215_00038_37gpt,81.50337150799987,1,True,eb6622f624b5e8befd71170660461446478b5d63f5a1f745510cbb8f9d0a73b2
0,1,8,3,5,qpf0-splits1-clients8-r3-n02-q05,20261009_002156_00029_37gpt,104.54659611500028,1,True,eb6622f624b5e8befd71170660461446478b5d63f5a1f745510cbb8f9d0a73b2
0,0,1,1,5,qpf0-splits0-clients1-r1-n01-q05,20261009_002449_00004_n23c7,16.533416184999624,8,True,eb6622f624b5e8befd71170660461446478b5d63f5a1f745510cbb8f9d0a73b2
0,0,1,1,3,qpf0-splits0-clients1-r1-n02-q03,20261009_002505_00005_n23c7,6.472967936000714,1,True,ce0fb93b609fda529529da89f8a1766bd4ad4468657b9398c38c29dd65d16fd7
0,0,1,1,6,qpf0-splits0-clients1-r1-n03-q06,20261009_002512_00006_n23c7,12.26078242299991,8,True,287e3a32626eb3218926fd1882d0779582d70c292969942dfc389ff898b8bb31
0,0,1,1,30,qpf0-splits0-clients1-r1-n04-q30,20261009_002524_00007_n23c7,11.89087721299984,8,True,4c74e3ea72c3ba4d9c2d4c9ef97fe5d7ef75c0b4c10ee8d2f00792ca351ad028
0,0,1,1,3,qpf0-splits0-clients1-r1-n05-q03,20261009_002536_00008_n23c7,6.265666869999222,1,True,ce0fb93b609fda529529da89f8a1766bd4ad4468657b9398c38c29dd65d16fd7
0,0,1,1,5,qpf0-splits0-clients1-r1-n06-q05,20261009_002542_00009_n23c7,16.33971704600026,8,True,eb6622f624b5e8befd71170660461446478b5d63f5a1f745510cbb8f9d0a73b2
0,0,1,1,3,qpf0-splits0-clients1-r1-n07-q03,20261009_002559_00010_n23c7,6.22459251500004,1,True,ce0fb93b609fda529529da89f8a1766bd4ad4468657b9398c38c29dd65d16fd7
0,0,1,1,5,qpf0-splits0-clients1-r1-n08-q05,20261009_002605_00011_n23c7,16.810847439999634,8,True,eb6622f624b5e8befd71170660461446478b5d63f5a1f745510cbb8f9d0a73b2
0,0,1,1,6,qpf0-splits0-clients1-r1-n09-q06,20261009_002622_00012_n23c7,12.559678603000066,8,True,287e3a32626eb3218926fd1882d0779582d70c292969942dfc389ff898b8bb31
0,0,1,1,30,qpf0-splits0-clients1-r1-n10-q30,20261009_002634_00013_n23c7,11.67705130000013,8,True,4c74e3ea72c3ba4d9c2d4c9ef97fe5d7ef75c0b4c10ee8d2f00792ca351ad028
0,0,1,1,30,qpf0-splits0-clients1-r1-n11-q30,20261009_002646_00014_n23c7,11.739635645000817,8,True,4c74e3ea72c3ba4d9c2d4c9ef97fe5d7ef75c0b4c10ee8d2f00792ca351ad028
0,0,1,1,6,qpf0-splits0-clients1-r1-n12-q06,20261009_002658_00015_n23c7,12.389463832000729,8,True,287e3a32626eb3218926fd1882d0779582d70c292969942dfc389ff898b8bb31
0,0,1,2,5,qpf0-splits0-clients1-r2-n01-q05,20261009_002711_00016_n23c7,16.011046380000153,8,True,eb6622f624b5e8befd71170660461446478b5d63f5a1f745510cbb8f9d0a73b2
0,0,1,2,5,qpf0-splits0-clients1-r2-n02-q05,20261009_002727_00017_n23c7,16.69831167800021,8,True,eb6622f624b5e8befd71170660461446478b5d63f5a1f745510cbb8f9d0a73b2
0,0,1,2,6,qpf0-splits0-clients1-r2-n03-q06,20261009_002744_00018_n23c7,12.355063019999761,8,True,287e3a32626eb3218926fd1882d0779582d70c292969942dfc389ff898b8bb31
0,0,1,2,3,qpf0-splits0-clients1-r2-n04-q03,20261009_002756_00019_n23c7,6.2711657959998774,1,True,ce0fb93b609fda529529da89f8a1766bd4ad4468657b9398c38c29dd65d16fd7
0,0,1,2,30,qpf0-splits0-clients1-r2-n05-q30,20261009_002802_00020_n23c7,11.74093724999966,8,True,4c74e3ea72c3ba4d9c2d4c9ef97fe5d7ef75c0b4c10ee8d2f00792ca351ad028
0,0,1,2,6,qpf0-splits0-clients1-r2-n06-q06,20261009_002814_00021_n23c7,12.30987481900047,8,True,287e3a32626eb3218926fd1882d0779582d70c292969942dfc389ff898b8bb31
0,0,1,2,6,qpf0-splits0-clients1-r2-n07-q06,20261009_002827_00022_n23c7,12.297430677000193,8,True,287e3a32626eb3218926fd1882d0779582d70c292969942dfc389ff898b8bb31
0,0,1,2,30,qpf0-splits0-clients1-r2-n08-q30,20261009_002839_00023_n23c7,11.745054330999665,8,True,4c74e3ea72c3ba4d9c2d4c9ef97fe5d7ef75c0b4c10ee8d2f00792ca351ad028
0,0,1,2,3,qpf0-splits0-clients1-r2-n09-q03,20261009_002851_00024_n23c7,6.22439476099953,1,True,ce0fb93b609fda529529da89f8a1766bd4ad4468657b9398c38c29dd65d16fd7
0,0,1,2,3,qpf0-splits0-clients1-r2-n10-q03,20261009_002857_00025_n23c7,6.228412768999988,1,True,ce0fb93b609fda529529da89f8a1766bd4ad4468657b9398c38c29dd65d16fd7
0,0,1,2,30,qpf0-splits0-clients1-r2-n11-q30,20261009_002903_00026_n23c7,11.826228337999964,8,True,4c74e3ea72c3ba4d9c2d4c9ef97fe5d7ef75c0b4c10ee8d2f00792ca351ad028
0,0,1,2,5,qpf0-splits0-clients1-r2-n12-q05,20261009_002915_00027_n23c7,23.42478787899927,8,True,eb6622f624b5e8befd71170660461446478b5d63f5a1f745510cbb8f9d0a73b2
0,0,1,3,5,qpf0-splits0-clients1-r3-n01-q05,20261009_002939_00028_n23c7,16.510641933000443,8,True,eb6622f624b5e8befd71170660461446478b5d63f5a1f745510cbb8f9d0a73b2
0,0,1,3,5,qpf0-splits0-clients1-r3-n02-q05,20261009_002956_00029_n23c7,16.1289418639999,8,True,eb6622f624b5e8befd71170660461446478b5d63f5a1f745510cbb8f9d0a73b2
0,0,1,3,3,qpf0-splits0-clients1-r3-n03-q03,20261009_003012_00030_n23c7,6.385408138000457,1,True,ce0fb93b609fda529529da89f8a1766bd4ad4468657b9398c38c29dd65d16fd7
0,0,1,3,30,qpf0-splits0-clients1-r3-n04-q30,20261009_003018_00031_n23c7,11.579144547999931,8,True,4c74e3ea72c3ba4d9c2d4c9ef97fe5d7ef75c0b4c10ee8d2f00792ca351ad028
0,0,1,3,6,qpf0-splits0-clients1-r3-n05-q06,20261009_003030_00032_n23c7,12.226237331999982,8,True,287e3a32626eb3218926fd1882d0779582d70c292969942dfc389ff898b8bb31
0,0,1,3,6,qpf0-splits0-clients1-r3-n06-q06,20261009_003042_00033_n23c7,12.543268243000057,8,True,287e3a32626eb3218926fd1882d0779582d70c292969942dfc389ff898b8bb31
0,0,1,3,3,qpf0-splits0-clients1-r3-n07-q03,20261009_003055_00034_n23c7,6.301327755999409,1,True,ce0fb93b609fda529529da89f8a1766bd4ad4468657b9398c38c29dd65d16fd7
0,0,1,3,3,qpf0-splits0-clients1-r3-n08-q03,20261009_003101_00035_n23c7,6.23341225599961,1,True,ce0fb93b609fda529529da89f8a1766bd4ad4468657b9398c38c29dd65d16fd7
0,0,1,3,6,qpf0-splits0-clients1-r3-n09-q06,20261009_003107_00036_n23c7,12.293933130999903,8,True,287e3a32626eb3218926fd1882d0779582d70c292969942dfc389ff898b8bb31
0,0,1,3,30,qpf0-splits0-clients1-r3-n10-q30,20261009_003120_00037_n23c7,11.62755283000024,8,True,4c74e3ea72c3ba4d9c2d4c9ef97fe5d7ef75c0b4c10ee8d2f00792ca351ad028
0,0,1,3,5,qpf0-splits0-clients1-r3-n11-q05,20261009_003131_00038_n23c7,16.21569403400008,8,True,eb6622f624b5e8befd71170660461446478b5d63f5a1f745510cbb8f9d0a73b2
0,0,1,3,30,qpf0-splits0-clients1-r3-n12-q30,20261009_003147_00039_n23c7,11.782648719000463,8,True,4c74e3ea72c3ba4d9c2d4c9ef97fe5d7ef75c0b4c10ee8d2f00792ca351ad028
2,1,4,1,3,qpf2-splits1-clients4-r1-n02-q03,20261009_003313_00007_w4tqn,7.147569329999897,1,True,ce0fb93b609fda529529da89f8a1766bd4ad4468657b9398c38c29dd65d16fd7
2,1,4,1,3,qpf2-splits1-clients4-r1-n05-q03,20261009_003320_00008_w4tqn,7.057889814000191,1,True,ce0fb93b609fda529529da89f8a1766bd4ad4468657b9398c38c29dd65d16fd7
2,1,4,1,30,qpf2-splits1-clients4-r1-n04-q30,20261009_003313_00006_w4tqn,43.31407832700006,1,True,4c74e3ea72c3ba4d9c2d4c9ef97fe5d7ef75c0b4c10ee8d2f00792ca351ad028
2,1,4,1,3,qpf2-splits1-clients4-r1-n07-q03,20261009_003356_00010_w4tqn,7.008830665999994,1,True,ce0fb93b609fda529529da89f8a1766bd4ad4468657b9398c38c29dd65d16fd7
2,1,4,1,5,qpf2-splits1-clients4-r1-n01-q05,20261009_003313_00004_w4tqn,50.94037100100013,1,True,eb6622f624b5e8befd71170660461446478b5d63f5a1f745510cbb8f9d0a73b2
2,1,4,1,6,qpf2-splits1-clients4-r1-n03-q06,20261009_003313_00005_w4tqn,51.288510190000125,1,True,287e3a32626eb3218926fd1882d0779582d70c292969942dfc389ff898b8bb31
2,1,4,1,5,qpf2-splits1-clients4-r1-n06-q05,20261009_003327_00009_w4tqn,57.93058825400021,1,True,eb6622f624b5e8befd71170660461446478b5d63f5a1f745510cbb8f9d0a73b2
2,1,4,1,30,qpf2-splits1-clients4-r1-n10-q30,20261009_003404_00013_w4tqn,35.07490941099968,1,True,4c74e3ea72c3ba4d9c2d4c9ef97fe5d7ef75c0b4c10ee8d2f00792ca351ad028
2,1,4,1,6,qpf2-splits1-clients4-r1-n09-q06,20261009_003403_00012_w4tqn,35.760757156999716,1,True,287e3a32626eb3218926fd1882d0779582d70c292969942dfc389ff898b8bb31
2,1,4,1,5,qpf2-splits1-clients4-r1-n08-q05,20261009_003403_00011_w4tqn,37.40711441700023,1,True,eb6622f624b5e8befd71170660461446478b5d63f5a1f745510cbb8f9d0a73b2
2,1,4,1,30,qpf2-splits1-clients4-r1-n11-q30,20261009_003425_00014_w4tqn,28.961776730000565,1,True,4c74e3ea72c3ba4d9c2d4c9ef97fe5d7ef75c0b4c10ee8d2f00792ca351ad028
2,1,4,1,6,qpf2-splits1-clients4-r1-n12-q06,20261009_003439_00015_w4tqn,21.869153487999938,1,True,287e3a32626eb3218926fd1882d0779582d70c292969942dfc389ff898b8bb31
2,1,4,2,3,qpf2-splits1-clients4-r2-n04-q03,20261009_003502_00017_w4tqn,7.0495120690002295,1,True,ce0fb93b609fda529529da89f8a1766bd4ad4468657b9398c38c29dd65d16fd7
2,1,4,2,6,qpf2-splits1-clients4-r2-n03-q06,20261009_003502_00019_w4tqn,28.282820129000356,1,True,287e3a32626eb3218926fd1882d0779582d70c292969942dfc389ff898b8bb31
2,1,4,2,30,qpf2-splits1-clients4-r2-n05-q30,20261009_003509_00020_w4tqn,29.94963935299984,1,True,4c74e3ea72c3ba4d9c2d4c9ef97fe5d7ef75c0b4c10ee8d2f00792ca351ad028
2,1,4,2,5,qpf2-splits1-clients4-r2-n02-q05,20261009_003502_00018_w4tqn,45.27899378999973,1,True,eb6622f624b5e8befd71170660461446478b5d63f5a1f745510cbb8f9d0a73b2
2,1,4,2,5,qpf2-splits1-clients4-r2-n01-q05,20261009_003502_00016_w4tqn,61.598522686999786,1,True,eb6622f624b5e8befd71170660461446478b5d63f5a1f745510cbb8f9d0a73b2
2,1,4,2,6,qpf2-splits1-clients4-r2-n06-q06,20261009_003530_00021_w4tqn,39.54637395900045,1,True,287e3a32626eb3218926fd1882d0779582d70c292969942dfc389ff898b8bb31
2,1,4,2,3,qpf2-splits1-clients4-r2-n09-q03,20261009_003603_00024_w4tqn,11.611883879000743,1,True,ce0fb93b609fda529529da89f8a1766bd4ad4468657b9398c38c29dd65d16fd7
2,1,4,2,3,qpf2-splits1-clients4-r2-n10-q03,20261009_003610_00025_w4tqn,7.06259585800035,1,True,ce0fb93b609fda529529da89f8a1766bd4ad4468657b9398c38c29dd65d16fd7
2,1,4,2,6,qpf2-splits1-clients4-r2-n07-q06,20261009_003539_00022_w4tqn,48.00051414900008,1,True,287e3a32626eb3218926fd1882d0779582d70c292969942dfc389ff898b8bb31
2,1,4,2,30,qpf2-splits1-clients4-r2-n08-q30,20261009_003547_00023_w4tqn,45.86228145400037,1,True,4c74e3ea72c3ba4d9c2d4c9ef97fe5d7ef75c0b4c10ee8d2f00792ca351ad028
2,1,4,2,30,qpf2-splits1-clients4-r2-n11-q30,20261009_003615_00026_w4tqn,29.274532030000046,1,True,4c74e3ea72c3ba4d9c2d4c9ef97fe5d7ef75c0b4c10ee8d2f00792ca351ad028
2,1,4,2,5,qpf2-splits1-clients4-r2-n12-q05,20261009_003617_00027_w4tqn,37.520354956999654,1,True,eb6622f624b5e8befd71170660461446478b5d63f5a1f745510cbb8f9d0a73b2
2,1,4,3,3,qpf2-splits1-clients4-r3-n03-q03,20261009_003655_00029_w4tqn,7.301796588999423,1,True,ce0fb93b609fda529529da89f8a1766bd4ad4468657b9398c38c29dd65d16fd7
2,1,4,3,6,qpf2-splits1-clients4-r3-n05-q06,20261009_003703_00032_w4tqn,23.80668180900011,1,True,287e3a32626eb3218926fd1882d0779582d70c292969942dfc389ff898b8bb31
2,1,4,3,30,qpf2-splits1-clients4-r3-n04-q30,20261009_003655_00031_w4tqn,32.977705254000284,1,True,4c74e3ea72c3ba4d9c2d4c9ef97fe5d7ef75c0b4c10ee8d2f00792ca351ad028
2,1,4,3,3,qpf2-splits1-clients4-r3-n07-q03,20261009_003728_00034_w4tqn,7.041371756999979,1,True,ce0fb93b609fda529529da89f8a1766bd4ad4468657b9398c38c29dd65d16fd7
2,1,4,3,3,qpf2-splits1-clients4-r3-n08-q03,20261009_003735_00035_w4tqn,7.061208237999381,1,True,ce0fb93b609fda529529da89f8a1766bd4ad4468657b9398c38c29dd65d16fd7
2,1,4,3,5,qpf2-splits1-clients4-r3-n01-q05,20261009_003655_00028_w4tqn,58.180381313,1,True,eb6622f624b5e8befd71170660461446478b5d63f5a1f745510cbb8f9d0a73b2
2,1,4,3,5,qpf2-splits1-clients4-r3-n02-q05,20261009_003655_00030_w4tqn,65.20919154200055,1,True,eb6622f624b5e8befd71170660461446478b5d63f5a1f745510cbb8f9d0a73b2
2,1,4,3,6,qpf2-splits1-clients4-r3-n06-q06,20261009_003726_00033_w4tqn,35.28055450099964,1,True,287e3a32626eb3218926fd1882d0779582d70c292969942dfc389ff898b8bb31
2,1,4,3,6,qpf2-splits1-clients4-r3-n09-q06,20261009_003742_00036_w4tqn,33.011726669999916,1,True,287e3a32626eb3218926fd1882d0779582d70c292969942dfc389ff898b8bb31
2,1,4,3,30,qpf2-splits1-clients4-r3-n10-q30,20261009_003754_00037_w4tqn,32.793878018000214,1,True,4c74e3ea72c3ba4d9c2d4c9ef97fe5d7ef75c0b4c10ee8d2f00792ca351ad028
2,1,4,3,30,qpf2-splits1-clients4-r3-n12-q30,20261009_003802_00039_w4tqn,30.59071349399983,1,True,4c74e3ea72c3ba4d9c2d4c9ef97fe5d7ef75c0b4c10ee8d2f00792ca351ad028
2,1,4,3,5,qpf2-splits1-clients4-r3-n11-q05,20261009_003801_00038_w4tqn,32.16405932199996,1,True,eb6622f624b5e8befd71170660461446478b5d63f5a1f745510cbb8f9d0a73b2
0,1,1,1,5,qpf0-splits1-clients1-r1-n01-q05,20261009_003953_00004_tbrt3,22.03392734800036,1,True,eb6622f624b5e8befd71170660461446478b5d63f5a1f745510cbb8f9d0a73b2
0,1,1,1,3,qpf0-splits1-clients1-r1-n02-q03,20261009_004015_00005_tbrt3,6.279608509999889,1,True,ce0fb93b609fda529529da89f8a1766bd4ad4468657b9398c38c29dd65d16fd7
0,1,1,1,6,qpf0-splits1-clients1-r1-n03-q06,20261009_004021_00006_tbrt3,18.446904405999703,1,True,287e3a32626eb3218926fd1882d0779582d70c292969942dfc389ff898b8bb31
0,1,1,1,30,qpf0-splits1-clients1-r1-n04-q30,20261009_004040_00007_tbrt3,18.35325926600035,1,True,4c74e3ea72c3ba4d9c2d4c9ef97fe5d7ef75c0b4c10ee8d2f00792ca351ad028
0,1,1,1,3,qpf0-splits1-clients1-r1-n05-q03,20261009_004058_00008_tbrt3,6.544729057999575,1,True,ce0fb93b609fda529529da89f8a1766bd4ad4468657b9398c38c29dd65d16fd7
0,1,1,1,5,qpf0-splits1-clients1-r1-n06-q05,20261009_004104_00009_tbrt3,21.613003374000073,1,True,eb6622f624b5e8befd71170660461446478b5d63f5a1f745510cbb8f9d0a73b2
0,1,1,1,3,qpf0-splits1-clients1-r1-n07-q03,20261009_004126_00010_tbrt3,6.263287431999743,1,True,ce0fb93b609fda529529da89f8a1766bd4ad4468657b9398c38c29dd65d16fd7
0,1,1,1,5,qpf0-splits1-clients1-r1-n08-q05,20261009_004132_00011_tbrt3,21.89604490900001,1,True,eb6622f624b5e8befd71170660461446478b5d63f5a1f745510cbb8f9d0a73b2
0,1,1,1,6,qpf0-splits1-clients1-r1-n09-q06,20261009_004154_00012_tbrt3,18.403997194000112,1,True,287e3a32626eb3218926fd1882d0779582d70c292969942dfc389ff898b8bb31
0,1,1,1,30,qpf0-splits1-clients1-r1-n10-q30,20261009_004213_00013_tbrt3,18.511019102999853,1,True,4c74e3ea72c3ba4d9c2d4c9ef97fe5d7ef75c0b4c10ee8d2f00792ca351ad028
0,1,1,1,30,qpf0-splits1-clients1-r1-n11-q30,20261009_004231_00014_tbrt3,18.457749535999938,1,True,4c74e3ea72c3ba4d9c2d4c9ef97fe5d7ef75c0b4c10ee8d2f00792ca351ad028
0,1,1,1,6,qpf0-splits1-clients1-r1-n12-q06,20261009_004250_00015_tbrt3,18.49552993599991,1,True,287e3a32626eb3218926fd1882d0779582d70c292969942dfc389ff898b8bb31
0,1,1,2,5,qpf0-splits1-clients1-r2-n01-q05,20261009_004309_00016_tbrt3,26.237338723999528,1,True,eb6622f624b5e8befd71170660461446478b5d63f5a1f745510cbb8f9d0a73b2
0,1,1,2,5,qpf0-splits1-clients1-r2-n02-q05,20261009_004335_00017_tbrt3,21.8724646870005,1,True,eb6622f624b5e8befd71170660461446478b5d63f5a1f745510cbb8f9d0a73b2
0,1,1,2,6,qpf0-splits1-clients1-r2-n03-q06,20261009_004357_00018_tbrt3,18.608420552000098,1,True,287e3a32626eb3218926fd1882d0779582d70c292969942dfc389ff898b8bb31
0,1,1,2,3,qpf0-splits1-clients1-r2-n04-q03,20261009_004416_00019_tbrt3,6.2607491630005825,1,True,ce0fb93b609fda529529da89f8a1766bd4ad4468657b9398c38c29dd65d16fd7
0,1,1,2,30,qpf0-splits1-clients1-r2-n05-q30,20261009_004422_00020_tbrt3,18.39968824599964,1,True,4c74e3ea72c3ba4d9c2d4c9ef97fe5d7ef75c0b4c10ee8d2f00792ca351ad028
0,1,1,2,6,qpf0-splits1-clients1-r2-n06-q06,20261009_004441_00021_tbrt3,18.502315120000276,1,True,287e3a32626eb3218926fd1882d0779582d70c292969942dfc389ff898b8bb31
0,1,1,2,6,qpf0-splits1-clients1-r2-n07-q06,20261009_004459_00022_tbrt3,18.414446194000448,1,True,287e3a32626eb3218926fd1882d0779582d70c292969942dfc389ff898b8bb31
0,1,1,2,30,qpf0-splits1-clients1-r2-n08-q30,20261009_004518_00023_tbrt3,18.738810177000232,1,True,4c74e3ea72c3ba4d9c2d4c9ef97fe5d7ef75c0b4c10ee8d2f00792ca351ad028
0,1,1,2,3,qpf0-splits1-clients1-r2-n09-q03,20261009_004536_00024_tbrt3,6.262535659000605,1,True,ce0fb93b609fda529529da89f8a1766bd4ad4468657b9398c38c29dd65d16fd7
0,1,1,2,3,qpf0-splits1-clients1-r2-n10-q03,20261009_004543_00025_tbrt3,6.618978105000679,1,True,ce0fb93b609fda529529da89f8a1766bd4ad4468657b9398c38c29dd65d16fd7
0,1,1,2,30,qpf0-splits1-clients1-r2-n11-q30,20261009_004549_00026_tbrt3,18.499382648999926,1,True,4c74e3ea72c3ba4d9c2d4c9ef97fe5d7ef75c0b4c10ee8d2f00792ca351ad028
0,1,1,2,5,qpf0-splits1-clients1-r2-n12-q05,20261009_004608_00027_tbrt3,21.669294440999693,1,True,eb6622f624b5e8befd71170660461446478b5d63f5a1f745510cbb8f9d0a73b2
0,1,1,3,5,qpf0-splits1-clients1-r3-n01-q05,20261009_004630_00028_tbrt3,21.5989442099999,1,True,eb6622f624b5e8befd71170660461446478b5d63f5a1f745510cbb8f9d0a73b2
0,1,1,3,5,qpf0-splits1-clients1-r3-n02-q05,20261009_004652_00029_tbrt3,21.826478789999783,1,True,eb6622f624b5e8befd71170660461446478b5d63f5a1f745510cbb8f9d0a73b2
0,1,1,3,3,qpf0-splits1-clients1-r3-n03-q03,20261009_004714_00030_tbrt3,6.2878073930005485,1,True,ce0fb93b609fda529529da89f8a1766bd4ad4468657b9398c38c29dd65d16fd7
0,1,1,3,30,qpf0-splits1-clients1-r3-n04-q30,20261009_004720_00031_tbrt3,18.43619859899991,1,True,4c74e3ea72c3ba4d9c2d4c9ef97fe5d7ef75c0b4c10ee8d2f00792ca351ad028
0,1,1,3,6,qpf0-splits1-clients1-r3-n05-q06,20261009_004739_00032_tbrt3,18.323498418999407,1,True,287e3a32626eb3218926fd1882d0779582d70c292969942dfc389ff898b8bb31
0,1,1,3,6,qpf0-splits1-clients1-r3-n06-q06,20261009_004757_00033_tbrt3,18.609707313999934,1,True,287e3a32626eb3218926fd1882d0779582d70c292969942dfc389ff898b8bb31
0,1,1,3,3,qpf0-splits1-clients1-r3-n07-q03,20261009_004815_00034_tbrt3,6.356159742999807,1,True,ce0fb93b609fda529529da89f8a1766bd4ad4468657b9398c38c29dd65d16fd7
0,1,1,3,3,qpf0-splits1-clients1-r3-n08-q03,20261009_004822_00035_tbrt3,6.382751939000627,1,True,ce0fb93b609fda529529da89f8a1766bd4ad4468657b9398c38c29dd65d16fd7
0,1,1,3,6,qpf0-splits1-clients1-r3-n09-q06,20261009_004828_00036_tbrt3,18.201148354999532,1,True,287e3a32626eb3218926fd1882d0779582d70c292969942dfc389ff898b8bb31
0,1,1,3,30,qpf0-splits1-clients1-r3-n10-q30,20261009_004846_00037_tbrt3,18.375729428999875,1,True,4c74e3ea72c3ba4d9c2d4c9ef97fe5d7ef75c0b4c10ee8d2f00792ca351ad028
0,1,1,3,5,qpf0-splits1-clients1-r3-n11-q05,20261009_004905_00038_tbrt3,21.869018742999287,1,True,eb6622f624b5e8befd71170660461446478b5d63f5a1f745510cbb8f9d0a73b2
0,1,1,3,30,qpf0-splits1-clients1-r3-n12-q30,20261009_004927_00039_tbrt3,18.440912619999835,1,True,4c74e3ea72c3ba4d9c2d4c9ef97fe5d7ef75c0b4c10ee8d2f00792ca351ad028
0,0,4,1,3,qpf0-splits0-clients4-r1-n02-q03,20261009_005054_00005_fpabn,6.503229234000173,1,True,ce0fb93b609fda529529da89f8a1766bd4ad4468657b9398c38c29dd65d16fd7
0,0,4,1,3,qpf0-splits0-clients4-r1-n05-q03,20261009_005101_00008_fpabn,6.3490886850004244,1,True,ce0fb93b609fda529529da89f8a1766bd4ad4468657b9398c38c29dd65d16fd7
0,0,4,1,30,qpf0-splits0-clients4-r1-n04-q30,20261009_005054_00006_fpabn,63.19048306700006,8,True,4c74e3ea72c3ba4d9c2d4c9ef97fe5d7ef75c0b4c10ee8d2f00792ca351ad028
0,0,4,1,6,qpf0-splits0-clients4-r1-n03-q06,20261009_005054_00007_fpabn,68.96935656900041,8,True,287e3a32626eb3218926fd1882d0779582d70c292969942dfc389ff898b8bb31
0,0,4,1,3,qpf0-splits0-clients4-r1-n07-q03,20261009_005157_00010_fpabn,6.314355458000136,1,True,ce0fb93b609fda529529da89f8a1766bd4ad4468657b9398c38c29dd65d16fd7
0,0,4,1,5,qpf0-splits0-clients4-r1-n01-q05,20261009_005054_00004_fpabn,70.98881989000074,8,True,eb6622f624b5e8befd71170660461446478b5d63f5a1f745510cbb8f9d0a73b2
0,0,4,1,5,qpf0-splits0-clients4-r1-n06-q05,20261009_005107_00009_fpabn,81.33125200000086,8,True,eb6622f624b5e8befd71170660461446478b5d63f5a1f745510cbb8f9d0a73b2
0,0,4,1,6,qpf0-splits0-clients4-r1-n09-q06,20261009_005204_00012_fpabn,47.53104501799953,8,True,287e3a32626eb3218926fd1882d0779582d70c292969942dfc389ff898b8bb31
0,0,4,1,5,qpf0-splits0-clients4-r1-n08-q05,20261009_005203_00011_fpabn,51.60816797799998,8,True,eb6622f624b5e8befd71170660461446478b5d63f5a1f745510cbb8f9d0a73b2
0,0,4,1,30,qpf0-splits0-clients4-r1-n10-q30,20261009_005205_00013_fpabn,58.48890329599999,8,True,4c74e3ea72c3ba4d9c2d4c9ef97fe5d7ef75c0b4c10ee8d2f00792ca351ad028
0,0,4,1,30,qpf0-splits0-clients4-r1-n11-q30,20261009_005228_00014_fpabn,39.45880101400053,8,True,4c74e3ea72c3ba4d9c2d4c9ef97fe5d7ef75c0b4c10ee8d2f00792ca351ad028
0,0,4,1,6,qpf0-splits0-clients4-r1-n12-q06,20261009_005251_00015_fpabn,17.687752220999755,8,True,287e3a32626eb3218926fd1882d0779582d70c292969942dfc389ff898b8bb31
0,0,4,2,3,qpf0-splits0-clients4-r2-n04-q03,20261009_005310_00019_fpabn,6.386108922999483,1,True,ce0fb93b609fda529529da89f8a1766bd4ad4468657b9398c38c29dd65d16fd7
0,0,4,2,5,qpf0-splits0-clients4-r2-n02-q05,20261009_005310_00017_fpabn,58.24346494300062,8,True,eb6622f624b5e8befd71170660461446478b5d63f5a1f745510cbb8f9d0a73b2
0,0,4,2,5,qpf0-splits0-clients4-r2-n01-q05,20261009_005310_00018_fpabn,58.25656143800006,8,True,eb6622f624b5e8befd71170660461446478b5d63f5a1f745510cbb8f9d0a73b2
0,0,4,2,6,qpf0-splits0-clients4-r2-n03-q06,20261009_005310_00016_fpabn,59.11538975399981,8,True,287e3a32626eb3218926fd1882d0779582d70c292969942dfc389ff898b8bb31
0,0,4,2,30,qpf0-splits0-clients4-r2-n05-q30,20261009_005316_00020_fpabn,73.40266199500002,8,True,4c74e3ea72c3ba4d9c2d4c9ef97fe5d7ef75c0b4c10ee8d2f00792ca351ad028
0,0,4,2,3,qpf0-splits0-clients4-r2-n09-q03,20261009_005430_00024_fpabn,6.498998905000008,1,True,ce0fb93b609fda529529da89f8a1766bd4ad4468657b9398c38c29dd65d16fd7
0,0,4,2,3,qpf0-splits0-clients4-r2-n10-q03,20261009_005436_00025_fpabn,6.484029221999663,1,True,ce0fb93b609fda529529da89f8a1766bd4ad4468657b9398c38c29dd65d16fd7
0,0,4,2,6,qpf0-splits0-clients4-r2-n06-q06,20261009_005408_00021_fpabn,57.803425105000315,8,True,287e3a32626eb3218926fd1882d0779582d70c292969942dfc389ff898b8bb31
0,0,4,2,6,qpf0-splits0-clients4-r2-n07-q06,20261009_005408_00022_fpabn,57.80851242600056,8,True,287e3a32626eb3218926fd1882d0779582d70c292969942dfc389ff898b8bb31
0,0,4,2,30,qpf0-splits0-clients4-r2-n08-q30,20261009_005409_00023_fpabn,57.41874069700043,8,True,4c74e3ea72c3ba4d9c2d4c9ef97fe5d7ef75c0b4c10ee8d2f00792ca351ad028
0,0,4,2,30,qpf0-splits0-clients4-r2-n11-q30,20261009_005443_00026_fpabn,32.98156550299973,8,True,4c74e3ea72c3ba4d9c2d4c9ef97fe5d7ef75c0b4c10ee8d2f00792ca351ad028
0,0,4,2,5,qpf0-splits0-clients4-r2-n12-q05,20261009_005506_00027_fpabn,19.675112918000195,8,True,eb6622f624b5e8befd71170660461446478b5d63f5a1f745510cbb8f9d0a73b2
0,0,4,3,3,qpf0-splits0-clients4-r3-n03-q03,20261009_005527_00029_fpabn,10.575104965999344,1,True,ce0fb93b609fda529529da89f8a1766bd4ad4468657b9398c38c29dd65d16fd7
0,0,4,3,30,qpf0-splits0-clients4-r3-n04-q30,20261009_005527_00031_fpabn,65.889892229,8,True,4c74e3ea72c3ba4d9c2d4c9ef97fe5d7ef75c0b4c10ee8d2f00792ca351ad028
0,0,4,3,6,qpf0-splits0-clients4-r3-n05-q06,20261009_005537_00032_fpabn,56.424759143999836,8,True,287e3a32626eb3218926fd1882d0779582d70c292969942dfc389ff898b8bb31
0,0,4,3,3,qpf0-splits0-clients4-r3-n07-q03,20261009_005634_00034_fpabn,6.285720460000448,1,True,ce0fb93b609fda529529da89f8a1766bd4ad4468657b9398c38c29dd65d16fd7
0,0,4,3,3,qpf0-splits0-clients4-r3-n08-q03,20261009_005640_00035_fpabn,6.31724980799936,1,True,ce0fb93b609fda529529da89f8a1766bd4ad4468657b9398c38c29dd65d16fd7
0,0,4,3,5,qpf0-splits0-clients4-r3-n02-q05,20261009_005527_00028_fpabn,81.29421396700036,8,True,eb6622f624b5e8befd71170660461446478b5d63f5a1f745510cbb8f9d0a73b2
0,0,4,3,5,qpf0-splits0-clients4-r3-n01-q05,20261009_005527_00030_fpabn,81.51394289099972,8,True,eb6622f624b5e8befd71170660461446478b5d63f5a1f745510cbb8f9d0a73b2
0,0,4,3,6,qpf0-splits0-clients4-r3-n06-q06,20261009_005633_00033_fpabn,59.84854488499968,8,True,287e3a32626eb3218926fd1882d0779582d70c292969942dfc389ff898b8bb31
0,0,4,3,6,qpf0-splits0-clients4-r3-n09-q06,20261009_005646_00036_fpabn,47.4928171520005,8,True,287e3a32626eb3218926fd1882d0779582d70c292969942dfc389ff898b8bb31
0,0,4,3,30,qpf0-splits0-clients4-r3-n10-q30,20261009_005648_00037_fpabn,47.254445874999874,8,True,4c74e3ea72c3ba4d9c2d4c9ef97fe5d7ef75c0b4c10ee8d2f00792ca351ad028
0,0,4,3,30,qpf0-splits0-clients4-r3-n12-q30,20261009_005732_00039_fpabn,15.974509798999861,8,True,4c74e3ea72c3ba4d9c2d4c9ef97fe5d7ef75c0b4c10ee8d2f00792ca351ad028
0,0,4,3,5,qpf0-splits0-clients4-r3-n11-q05,20261009_005648_00038_fpabn,60.39628266900036,8,True,eb6622f624b5e8befd71170660461446478b5d63f5a1f745510cbb8f9d0a73b2
