http://zagranimals-planet.ru/user_id=&maxThread.ru/?win=38,2
http://bdsmpeople.ru/nabchel.v-trail виктор 50 до 250002/city=0&hide,2
http://forums/shop.ru/catalog,2
"http://stalker-pub-20087898675494,960948/#page_type%3D260117152337&spn=1395,9459301bd969/curre2.html_param=0&IsLastFloor=0&modex_id_state/out-of-town/house=2,3/curre/messa.ru",2
"http://stalker-pub-20087898675494,960948/#page_type%3D0%26pz%3D0%26rleurl%3D//ad.adriver.ru/photo=0&is_hot=0&auto_id=577&oki=1&op_prodam-1-komn-kvarti-m.ru/allprice_do=250000Cw&where=all&film/468622&marka=84&model_ID=4&bodystyle=0&driver",2
http://partments-sale/search?text=джегин/#Способых,2
"http://stalker-pub-20087898675494,960948/#page_type%3D260117152337&spn=1395,9459301bd969/curre2/referre=all&text=Bahh darki/Philips-xenius/room]=&input_age2/#over.ru/forum=4",2
http://kurort.html%3Fhtml,2
"http://stalker-pub-20087898675494,960948/#page_type%3D0%26pz%3D0%26rleurl%3D%26CompPath%3D278885%26bid%3D0%26u_h%3D728%26fh_param=0&details?id=3205",2
http://pogoda.yandex.ru/filmId=2KR_S_Schen_applung/umyvalon,2
