cursor_count,column,attempt,status,expected_distinct,wall_ms,cpu_ms,physical_input_bytes,physical_input_rows,peak_trino_user_bytes,redis.rows.received,redis.aggregate.requests,redis.cursor.requests,redis.exact-hash-reads,redis.exact-hash-commands,redis.exact-hash-read-batches,redis.request-wall-time_ms,redis.exact-hash-read-wait-time_ms,redis.row-conversion-time_ms
1000,userid,1,passed,10000,5305.736834,180,90000,10000,109040,10000,1,10,10000,10000,10,398.91,313.51,74.15
1000,userid,2,passed,10000,1392.408208,62,90000,10000,1181016,10000,1,10,10000,10000,10,486.53,344.67,48.5
1000,userid,3,passed,10000,805.054,59,90000,10000,108208,10000,1,10,10000,10000,10,311.53,247.02,41.1
1000,url,1,passed,10000,567.873125,83,157890,10000,189680,10000,1,10,0,0,0,313.94,0.0,3.8
1000,url,2,passed,10000,468.050208,40,157890,10000,189680,10000,1,10,0,0,0,241.6,0.0,9.76
1000,url,3,passed,10000,467.050333,38,157890,10000,189680,10000,1,10,0,0,0,223.46,0.0,2.68
10000,userid,1,passed,10000,2359.385959,154,90000,10000,108208,10000,1,1,10000,10000,1,234.24,189.24,110.22
10000,userid,2,passed,10000,558.170916,61,90000,10000,108208,10000,1,1,10000,10000,1,98.46,143.17,29.79
10000,userid,3,passed,10000,351.806916,50,90000,10000,108208,10000,1,1,10000,10000,1,100.95,45.46,20.54
10000,url,1,passed,10000,322.956417,117,157890,10000,189680,10000,1,1,0,0,0,79.92,0.0,4.07
10000,url,2,passed,10000,744.606042,42,157890,10000,189680,10000,1,1,0,0,0,97.02,0.0,1.97
10000,url,3,passed,10000,296.18725,37,157890,10000,189680,10000,1,1,0,0,0,148.19,0.0,0.9732500000000001
