http://pogoda.yandex.ru/searchv.php?gidcar=36645333&trafkey,2
http://afisha.yandex.ru/iframe-owa,2
http://kinopoisk.ru/index.ru/hotel/bazarevka-dlia-zhie/31974870/meningline=&int[225686.htm?from]=&int[215938/photo/dent,2
http://tp66.ru/search/ab_distra-mir,2
http:%2F%2Fwwww.bonprix.ru/jobcategoriya%2Ffieiiervice,2
http://expressa.ru/GameMain.aspx?CItemID,2
http://alpari.yandex.ru/saint-peters,2
http://masterinburg.irr.ru,2
http://tyvajut_vip=0&category_id,2
"http://stalker-pub-20087898675494,960948/#page_type%3D0%26pz%3D0%26rleurl%3D//ad.adriver.ru/photo=0&is_hot=0&auto_id=577&oki=1&op_prodam-1-komn-kvarti-m.ru/allprice_do=&currency=1#countpage_type=city=0&page=1024&wi=1280&lo=http://diary.su",2
